order_number;created_at;total_ht;status;shipping_mode;payment_method;tax_amount;total_ttc;type;siret;company_name;first_name;last_name;civility;address;address2;postcode;town;pays;email;function;mobile;tel;fax;siret_ship;company_name_ship;first_name_ship;last_name_ship;civility_ship;address_ship;address2_ship;postcode_ship;town_ship;pays_ship;email_ship;function_ship;mobile_ship;tel_ship;fax_ship;id_ligne;id_produit;store;libelle;quantite;montant_ht;montant_ttc;total_ht;tva;duree_engagement;innovant;id_group;sku;category_ids;type_produit;createur_entreprise;portabilite_rio;portabilite_numero;portabilite_date;type_client;device;origin;idiccFrontal;CodeOffre;OrdreIce;type_acte
WCE271411;09/08/2017 14:13;64.90;En attente de validation des documents;;rib;12.98;77.88;mobile;1,22222E+13;TEST;test;test;Mme;TEST;;75003;PARIS 03;France;;test;601010101;;;;;;;;;;;;;;;;;;1;6999;telephone_mobile;Samsung Galaxy J3 2016 noir 8Go;1;19.90;23.88;19.90;20.00;;;1;224025;13,54,97;mobile;;;;;PROSPECT;desktop;boutique;;;;Foisonnement
WCE271411;09/08/2017 14:13;64.90;En attente de validation des documents;;rib;12.98;77.88;mobile;1,22222E+13;TEST;test;test;Mme;TEST;;75003;PARIS 03;France;;test;601010101;;;;;;;;;;;;;;;;;;2;7052;telephone_mobile;Performance pro équilibre;1;45.00;54.00;45.00;20.00;24-mois;innovant1;1;DEFAULT_7052;13,55,108;forfait;;;;;PROSPECT;desktop;boutique;;;;Foisonnement
100009198;09/08/2017 14:22;55.00;En attente;;rib;;;offre_internet;1,22222E+13;;test;test;Mme;49  Rue Pierre Brossolette;;92300;Levallois-Perret;France;;;600000000;145197344;;1,22222E+13;;test;test;Mme;49  Rue Pierre Brossolette;;92300;Levallois-Perret;France;sylvie.fontanier@orange.com;;600000000;145197344;;1;8103;internet;La fibre pro équilibre;1;55.00;66.00;55.00;20.00;;;1;DEFAULT_8103;127,128,131;internet;;;;;PROSPECT;desktop;boutique;;;;
100009198;09/08/2017 14:22;55.00;En attente;;rib;;;offre_internet;1,22222E+13;;test;test;Mme;49  Rue Pierre Brossolette;;92300;Levallois-Perret;France;;;600000000;145197344;;1,22222E+13;;test;test;Mme;49  Rue Pierre Brossolette;;92300;Levallois-Perret;France;sylvie.fontanier@orange.com;;600000000;145197344;;3;5356;internet;Xambox (Découverte);1;0.00;0.00;0.00;20.00;Decouverte;;1;DEFAULT_5356;127,129,133,134,135;option_internet;;;;;PROSPECT;desktop;boutique;;;;
E291301;09/08/2017 14:22;20.00;En attente;colissimo;cheque;4.00;24.00;equipement;;test;test;test;Sté;test;;75009;PARIS 09;France;;;;102030405;;;;;;;;;;;;;;;;;1;7788;equipements;Coque Clic Air iPhone 7 Plus transparente Native Union;1;20.00;24.00;20.00;20.00;;;1;4,8952E+12;7,29,72;equipement;;;;;OBS;desktop;boutique;;;;
WCE256025;09/08/2017 14:27;24.99;En attente;;facturation;5.00;29.99;mobile;6,48025E+11;test;test;test;Mme;test;;75009;PARIS 09;France;;test;612121212;;;;;;;;;;;;;;;;;;1;7030;telephone_mobile;forfait smart pro 10Go;1;24.99;29.99;24.99;20.00;sans engagement;smartpro;1;DEFAULT_7030;13,55,111;forfait;;;;;OBS;desktop;boutique;;;;Foisonnement
WCE256025;09/08/2017 14:27;24.99;En attente;;facturation;5.00;29.99;mobile;6,48025E+11;test;test;test;Mme;test;;75009;PARIS 09;France;;test;612121212;;;;;;;;;;;;;;;;;;2;10933;telephone_mobile;Facture Électronique Certifiée;1;0.00;0.00;0.00;20.00;;classique;1;FEC;;option_perso;;;;;OBS;desktop;boutique;;;;Foisonnement
WCE286331;09/08/2017 14:27;139.90;En attente;;rib;27.98;167.88;mobile;1,22222E+13;test;test;test;Mme;test;;75001;PARIS 01;France;;test;600000000;;;;;;;;;;;;;;;;;;1;7052;telephone_mobile;Performance pro équilibre;1;50.00;60.00;50.00;20.00;12-mois;innovant1;1;DEFAULT_7052;13,55,108;forfait;;;;;PROSPECT;desktop;boutique;;;;Foisonnement
WCE286331;09/08/2017 14:27;139.90;En attente;;rib;27.98;167.88;mobile;1,22222E+13;test;test;test;Mme;test;;75001;PARIS 01;France;;test;600000000;;;;;;;;;;;;;;;;;;2;7916;telephone_mobile;Samsung Galaxy A3 2017 noir 16 Go;1;89.90;107.88;89.90;20.00;;innovant1;1;226112;97;mobile;;;;;PROSPECT;desktop;boutique;;;;Foisonnement
WCE279138;09/08/2017 14:30;149.90;En attente;;facturation;29.98;179.88;mobile;6,48025E+11;test;test;test;Mme;test;;75009;PARIS 09;France;;test;612121212;;;;;;;;;;;;;;;;;;1;7984;telephone_mobile;Huawei MediaPad M2 10 4G blanc 16Go;1;119.90;143.88;119.90;20.00;;innovant2;1;226064;13,58,103;mobile;;;;;OBS;desktop;boutique;;;;Foisonnement
WCE279138;09/08/2017 14:30;149.90;En attente;;facturation;29.98;179.88;mobile;6,48025E+11;test;test;test;Mme;test;;75009;PARIS 09;France;;test;612121212;;;;;;;;;;;;;;;;;;2;3594;telephone_mobile;Business Everywhere pro Equilibre;1;30.00;36.00;30.00;20.00;24-mois;innovant2;1;DEFAULT_3594;13,55,109;forfait;;;;;OBS;desktop;boutique;;;;Foisonnement
WCE296435;09/08/2017 14:49;468.90;En attente;;facturation;93.78;562.68;mobile;6,48025E+11;test;test;test;Mme;test;;75009;PARIS 09;France;;test;612121212;;;;;;;;;;;;;;;;;;1;7663;telephone_mobile;Sony Xperia XZ bleu 32Go;1;439.90;527.88;439.90;20.00;;;1;225336;13,54,125;mobile;;;;;OBS;MOBILE;boutique;;;;Foisonnement
WCE296435;09/08/2017 14:49;468.90;En attente;;facturation;93.78;562.68;mobile;6,48025E+11;test;test;test;Mme;test;;75009;PARIS 09;France;;test;612121212;;;;;;;;;;;;;;;;;;2;3820;equipements;Support auto universel Samsung;1;29.00;34.80;29.00;20.00;;;1;8,80609E+12;7,29,81,83;equipement;;;;;OBS;MOBILE;boutique;;;;Foisonnement
WCE279949;09/08/2017 16:13;55.60;En attente;;rib;11.12;66.72;mobile;1,22222E+13;TEST;test;test;Mme;TEST;;75003;PARIS 03;France;;test;601010101;;;;;;;;;;;;;;;;;;1;7049;default;Performance pro initial voix;1;19.00;22.80;19.00;20.00;24-mois;innovant1;1;DEFAULT_7049;13,55,108;forfait;;;;;PROSPECT;MOBILE;boutique;;;;Foisonnement
WCE279949;09/08/2017 16:13;55.60;En attente;;rib;11.12;66.72;mobile;1,22222E+13;TEST;test;test;Mme;TEST;;75003;PARIS 03;France;;test;601010101;;;;;;;;;;;;;;;;;;2;6999;default;Samsung Galaxy J3 2016 noir 8Go;1;19.90;23.88;19.90;20.00;;innovant1;1;224025;13,54,97;mobile;;;;;PROSPECT;MOBILE;boutique;;;;Foisonnement
WCE279949;09/08/2017 16:13;55.60;En attente;;rib;11.12;66.72;mobile;1,22222E+13;TEST;test;test;Mme;TEST;;75003;PARIS 03;France;;test;601010101;;;;;;;;;;;;;;;;;;3;3559;default;abondance 21 h vers fixes et mobiles Europe-USA-Canada;1;10.00;12.00;10.00;20.00;;classique;1;abondance 21 h ;;option_perso;;;;;PROSPECT;MOBILE;boutique;;;;Foisonnement
WCE279949;09/08/2017 16:13;55.60;En attente;;rib;11.12;66.72;mobile;1,22222E+13;TEST;test;test;Mme;TEST;;75003;PARIS 03;France;;test;601010101;;;;;;;;;;;;;;;;;;4;3191;equipements;Pack Multiadaptateur SIM;1;6.70;8.04;6.70;20.00;;;1;3,56129E+12;7,29,79;equipement;;;;;PROSPECT;MOBILE;boutique;;;;Foisonnement
WCE254953;09/08/2017 16:16;73.90;En attente;;facturation;14.78;88.68;mobile;6,48025E+11;test;test;test;Mme;test;;75009;PARIS 09;France;;test;612121212;;;;;;;;;;;;;;;;;;1;7051;default;Performance pro initial;1;29.00;34.80;29.00;20.00;24-mois;innovant1;1;DEFAULT_7051;13,55,108;forfait;;02E111111J7B;601010101;15/09/2017;OBS;MOBILE;boutique;;;;Foisonnement
WCE254953;09/08/2017 16:16;73.90;En attente;;facturation;14.78;88.68;mobile;6,48025E+11;test;test;test;Mme;test;;75009;PARIS 09;France;;test;612121212;;;;;;;;;;;;;;;;;;2;6999;default;Samsung Galaxy J3 2016 noir 8Go;1;19.90;23.88;19.90;20.00;;innovant1;1;224025;13,54,97;mobile;;;;;OBS;MOBILE;boutique;;;;Foisonnement
WCE254953;09/08/2017 16:16;73.90;En attente;;facturation;14.78;88.68;mobile;6,48025E+11;test;test;test;Mme;test;;75009;PARIS 09;France;;test;612121212;;;;;;;;;;;;;;;;;;3;3038;default;Facture Electronique;1;0.00;0.00;0.00;20.00;;classique;1;FEL;;option_perso;;;;;OBS;MOBILE;boutique;;;;Foisonnement
WCE254953;09/08/2017 16:16;73.90;En attente;;facturation;14.78;88.68;mobile;6,48025E+11;test;test;test;Mme;test;;75009;PARIS 09;France;;test;612121212;;;;;;;;;;;;;;;;;;4;4393;equipements;Oreillette Bluetooth® M70 Plantronics;1;25.00;30.00;25.00;20.00;;;1;5,03359E+12;7,29,74;equipement;;;;;OBS;MOBILE;boutique;;;;Foisonnement
WCE258086;22/08/2017 11:03;64.90;En attente;;rib;12.98;77.88;mobile;1,22222E+13;TEST;test;test;Mme;TEST;;75003;PARIS 03;France;;test;601010101;;;;;;;;;;;;;;;;;;1;7052;default;Performance pro équilibre;1;45.00;54.00;45.00;20.00;24-mois;innovant1;1;DEFAULT_7052;13,55,108;forfait;;;;;PROSPECT;MOBILE;boutique;;;;Foisonnement
WCE258086;22/08/2017 11:03;64.90;En attente;;rib;12.98;77.88;mobile;1,22222E+13;TEST;test;test;Mme;TEST;;75003;PARIS 03;France;;test;601010101;;;;;;;;;;;;;;;;;;2;6999;default;Samsung Galaxy J3 2016 noir 8Go;1;19.90;23.88;19.90;20.00;;innovant1;1;224025;13,54,97;mobile;;;;;PROSPECT;MOBILE;boutique;;;;Foisonnement
WCE260865;22/08/2017 11:08;116.70;En attente;;facturation;23.34;140.04;mobile;6,48025E+11;test;test;test;Mme;test;;75009;PARIS 09;France;;test;612121212;;;;;;;;;;;;;;;;;;1;7060;default;Performance pro intense;1;65.00;78.00;65.00;20.00;24-mois;innovant3;1;DEFAULT_7060;13,55,108;forfait;;02E111111J7B;601010101;15/09/2017;OBS;MOBILE;boutique;;;;Foisonnement
WCE260865;22/08/2017 11:08;116.70;En attente;;facturation;23.34;140.04;mobile;6,48025E+11;test;test;test;Mme;test;;75009;PARIS 09;France;;test;612121212;;;;;;;;;;;;;;;;;;2;6999;default;Samsung Galaxy J3 2016 noir 8Go;1;1.00;1.20;1.00;20.00;;innovant3;1;224025;13,54,97;mobile;;;;;OBS;MOBILE;boutique;;;;Foisonnement
WCE260865;22/08/2017 11:08;116.70;En attente;;facturation;23.34;140.04;mobile;6,48025E+11;test;test;test;Mme;test;;75009;PARIS 09;France;;test;612121212;;;;;;;;;;;;;;;;;;3;3373;default;abondance 21 h vers fixes Maghreb;1;15.00;18.00;15.00;20.00;;classique;1;abondance-21-h-;;option_perso;;;;;OBS;MOBILE;boutique;;;;Foisonnement
WCE260865;22/08/2017 11:08;116.70;En attente;;facturation;23.34;140.04;mobile;6,48025E+11;test;test;test;Mme;test;;75009;PARIS 09;France;;test;612121212;;;;;;;;;;;;;;;;;;4;3191;equipements;Pack Multiadaptateur SIM;1;6.70;8.04;6.70;20.00;;;1;3,56129E+12;7,29,79;equipement;;;;;OBS;MOBILE;boutique;;;;Foisonnement
WCE260865;22/08/2017 11:08;116.70;En attente;;facturation;23.34;140.04;mobile;6,48025E+11;test;test;test;Mme;test;;75009;PARIS 09;France;;test;612121212;;;;;;;;;;;;;;;;;;5;3820;equipements;Support auto universel Samsung;1;29.00;34.80;29.00;20.00;;;1;8,80609E+12;7,29,81,83;equipement;;;;;OBS;MOBILE;boutique;;;;Foisonnement
WCE287377;22/08/2017 11:08;166.90;En attente de validation des documents;;rib;33.38;200.28;mobile;1,22222E+13;test test;TEST;TEST;Mme;10 rue adresse;;75010;PARIS 10;France;;DEV;600000000;;;;;;;;;;;;;;;;;;1;3414;telephone_mobile;Apple iPhone 5S Gris 16Go;1;119.90;143.88;119.90;20.00;;innovant1;1;219049;13,54,96,125;mobile;;;;;PROSPECT;desktop;boutique;;;;Foisonnement
WCE287377;22/08/2017 11:08;166.90;En attente de validation des documents;;rib;33.38;200.28;mobile;1,22222E+13;test test;TEST;TEST;Mme;10 rue adresse;;75010;PARIS 10;France;;DEV;600000000;;;;;;;;;;;;;;;;;;2;7049;telephone_mobile;Performance pro initial voix;1;21.00;25.20;21.00;20.00;12-mois;innovant1;1;DEFAULT_7049;13,55,108;forfait;;02E111111J7B;601010101;28/09/2017;PROSPECT;desktop;boutique;;;;Foisonnement
WCE287377;22/08/2017 11:08;166.90;En attente de validation des documents;;rib;33.38;200.28;mobile;1,22222E+13;test test;TEST;TEST;Mme;10 rue adresse;;75010;PARIS 10;France;;DEV;600000000;;;;;;;;;;;;;;;;;;3;3038;telephone_mobile;Facture Electronique;1;0.00;0.00;0.00;20.00;;classique;1;FEL;;option_perso;;;;;PROSPECT;desktop;boutique;;;;Foisonnement
WCE287377;22/08/2017 11:08;166.90;En attente de validation des documents;;rib;33.38;200.28;mobile;1,22222E+13;test test;TEST;TEST;Mme;10 rue adresse;;75010;PARIS 10;France;;DEV;600000000;;;;;;;;;;;;;;;;;;4;6330;telephone_mobile;assurance vol;1;6.00;7.20;6.00;20.00;;innovant1;1;assurance vol;;option_perso;;;;;PROSPECT;desktop;boutique;;;;Foisonnement
WCE287377;22/08/2017 11:08;166.90;En attente de validation des documents;;rib;33.38;200.28;mobile;1,22222E+13;test test;TEST;TEST;Mme;10 rue adresse;;75010;PARIS 10;France;;DEV;600000000;;;;;;;;;;;;;;;;;;5;5467;equipements;Chargeur allume cigare lightning 2,4A blanc (12/24 Volts);1;20.00;24.00;20.00;20.00;;;1;3,57121E+12;29,49,76,100,101,102,118;equipement;;;;;PROSPECT;desktop;boutique;;;;Foisonnement
WCE256086;22/08/2017 11:10;439.90;En attente;;facturation;87.98;527.88;mobile;6,48025E+11;test;test;test;Mme;test;;75009;PARIS 09;France;;test;612121212;;;;;;;;;;;;;;;;;;1;7663;telephone_mobile;Sony Xperia XZ bleu 32Go;1;439.90;527.88;439.90;20.00;;;1;225336;13,54,125;mobile;;;;;OBS;MOBILE;boutique;;;;Foisonnement
E266549;22/08/2017 11:24;25.00;En attente;colissimo;cheque;5.00;30.00;equipement;;TEST TEST;TEST;TEST;Sté;rue de paradis;;75010;PARIS 10;France;;;600000000;;;;;;;;;;;;;;;;;;1;4393;equipements;Oreillette Bluetooth® M70 Plantronics;1;25.00;30.00;25.00;20.00;;;1;5,03359E+12;7,29,74;equipement;;;;;OBS;desktop;boutique;;;;
100009410;22/08/2017 11:27;55.00;En attente;;rib;;;offre_internet;1,22222E+13;;test;test;Mme;49  Rue Pierre Brossolette;;92300;Levallois-Perret;France;;;600000000;145197344;;1,22222E+13;;test;test;Mme;49  Rue Pierre Brossolette;;92300;Levallois-Perret;France;sylvie.fontanier@orange.com;;600000000;145197344;;1;8103;internet;La fibre pro équilibre;1;55.00;66.00;55.00;20.00;;;1;DEFAULT_8103;127,128,131;internet;;;;;PROSPECT;desktop;boutique;;;;
100009410;22/08/2017 11:27;55.00;En attente;;rib;;;offre_internet;1,22222E+13;;test;test;Mme;49  Rue Pierre Brossolette;;92300;Levallois-Perret;France;;;600000000;145197344;;1,22222E+13;;test;test;Mme;49  Rue Pierre Brossolette;;92300;Levallois-Perret;France;sylvie.fontanier@orange.com;;600000000;145197344;;3;5356;internet;Xambox (Découverte);1;0.00;0.00;0.00;20.00;Decouverte;;1;DEFAULT_5356;127,129,133,134,135;option_internet;;;;;PROSPECT;desktop;boutique;;;;
WCE280231;22/08/2017 11:34;234.89;En attente;;facturation;46.98;281.87;mobile;6,48025E+11;test;test;test;Mme;rue de paradis;;75010;PARIS 10;France;;test;612121212;;;;;;;;;;;;;;;;;;1;8089;telephone_mobile;Samsung Galaxy Xcover4 noir 16Go;1;209.90;251.88;209.90;20.00;;;1;226486;13,54,97,125;mobile;;;;;OBS;desktop;boutique;;;;Foisonnement
WCE280231;22/08/2017 11:34;234.89;En attente;;facturation;46.98;281.87;mobile;6,48025E+11;test;test;test;Mme;rue de paradis;;75010;PARIS 10;France;;test;612121212;;;;;;;;;;;;;;;;;;2;7030;telephone_mobile;forfait smart pro 10Go;1;24.99;29.99;24.99;20.00;sans engagement;smartpro;1;DEFAULT_7030;13,55,111;forfait;;;;;OBS;desktop;boutique;;;;Foisonnement
WCE271485;22/08/2017 11:53;144.90;En attente;;facturation;28.98;173.88;mobile;6,48025E+11;test;test;test;Mme;rue de paradis;;75010;PARIS 10;France;;test;612121212;;;;;;;;;;;;;;;;;;1;7060;telephone_mobile;Performance pro intense;1;65.00;78.00;65.00;20.00;24-mois;innovant3;1;DEFAULT_7060;13,55,108;forfait;;;;;OBS;desktop;boutique;;;;Foisonnement
WCE271485;22/08/2017 11:53;144.90;En attente;;facturation;28.98;173.88;mobile;6,48025E+11;test;test;test;Mme;rue de paradis;;75010;PARIS 10;France;;test;612121212;;;;;;;;;;;;;;;;;;2;5853;telephone_mobile;Samsung Galaxy S7 noir 32Go;1;29.90;35.88;29.90;20.00;;innovant3;1;223811;13,54,125;mobile;;;;;OBS;desktop;boutique;;;;Foisonnement
WCE271485;22/08/2017 11:53;144.90;En attente;;facturation;28.98;173.88;mobile;6,48025E+11;test;test;test;Mme;rue de paradis;;75010;PARIS 10;France;;test;612121212;;;;;;;;;;;;;;;;;;3;2270;telephone_mobile;carte jumelle;1;5.00;6.00;5.00;20.00;;classique;1;SKU-OPM-9;;option_perso;;;;;OBS;desktop;boutique;;;;Foisonnement
WCE271485;22/08/2017 11:53;144.90;En attente;;facturation;28.98;173.88;mobile;6,48025E+11;test;test;test;Mme;rue de paradis;;75010;PARIS 10;France;;test;612121212;;;;;;;;;;;;;;;;;;4;3374;telephone_mobile;abondance 21 h vers fixes Asie-Moyen Orient-Océanie;1;20.00;24.00;20.00;20.00;;classique;1;abondance Asie-;;option_perso;;;;;OBS;desktop;boutique;;;;Foisonnement
WCE271485;22/08/2017 11:53;144.90;En attente;;facturation;28.98;173.88;mobile;6,48025E+11;test;test;test;Mme;rue de paradis;;75010;PARIS 10;France;;test;612121212;;;;;;;;;;;;;;;;;;5;4393;equipements;Oreillette Bluetooth® M70 Plantronics;1;25.00;30.00;25.00;20.00;;;1;5,03359E+12;7,29,74;equipement;;;;;OBS;desktop;boutique;;;;Foisonnement
WCE252420;22/08/2017 11:58;39.68;En attente;;facturation;7.94;47.62;mobile;6,48025E+11;test;test;test;Mme;rue de paradis;;75010;PARIS 10;France;;test;612121212;;;;;;;;;;;;;;;;;;1;7028;telephone_mobile;forfait smart pro 5Go;1;19.99;23.99;19.99;20.00;sans engagement;smartpro;1;DEFAULT_7028;13,55,111;forfait;;;;;OBS;desktop;boutique;;;;Foisonnement
WCE252420;22/08/2017 11:58;39.68;En attente;;facturation;7.94;47.62;mobile;6,48025E+11;test;test;test;Mme;rue de paradis;;75010;PARIS 10;France;;test;612121212;;;;;;;;;;;;;;;;;;2;10934;telephone_mobile;Facture Électronique;1;0.00;0.00;0.00;20.00;;classique;1;FEC;;option_perso;;;;;OBS;desktop;boutique;;;;Foisonnement
WCE252420;22/08/2017 11:58;39.68;En attente;;facturation;7.94;47.62;mobile;6,48025E+11;test;test;test;Mme;rue de paradis;;75010;PARIS 10;France;;test;612121212;;;;;;;;;;;;;;;;;;3;3173;telephone_mobile;assistance 706;1;5.00;6.00;5.00;20.00;;classique;1;assistance706;;option_perso;;;;;OBS;desktop;boutique;;;;Foisonnement
WCE252420;22/08/2017 11:58;39.68;En attente;;facturation;7.94;47.62;mobile;6,48025E+11;test;test;test;Mme;rue de paradis;;75010;PARIS 10;France;;test;612121212;;;;;;;;;;;;;;;;;;4;9544;telephone_mobile;ePresse (25 titres);1;14.69;17.63;14.69;20.00;;classique;1;ePresse-20-cred;;option_perso;;;;;OBS;desktop;boutique;;;;Foisonnement
WCE261046;22/08/2017 15:15;210.39;En attente;;facturation;42.08;252.47;mobile;6,48025E+11;test;test;test;Mme;rue de paradis;;75010;PARIS 10;France;;test;612121212;;;;;;;;;;;;;;;;;;2;5213;telephone_mobile;Samsung Galaxy Tab Active noir 16Go;1;119.90;143.88;119.90;20.00;;innovant3;2;221597;13,58,103;mobile;;;;;OBS;desktop;boutique;;;;Foisonnement
WCE261046;22/08/2017 15:15;210.39;En attente;;facturation;42.08;252.47;mobile;6,48025E+11;test;test;test;Mme;rue de paradis;;75010;PARIS 10;France;;test;612121212;;;;;;;;;;;;;;;;;;3;6064;telephone_mobile;Business Everywhere pro intense travel;1;78.00;93.60;78.00;20.00;12-mois;innovant3;2;DEFAULT_6064;13,55,109;forfait;;;;;OBS;desktop;boutique;;;;Foisonnement
WCE261046;22/08/2017 15:15;210.39;En attente;;facturation;42.08;252.47;mobile;6,48025E+11;test;test;test;Mme;rue de paradis;;75010;PARIS 10;France;;test;612121212;;;;;;;;;;;;;;;;;;4;4975;telephone_mobile;Lookout premium;1;2.49;2.99;2.49;20.00;;classique;2;apps_lookout;;option_perso;;;;;OBS;desktop;boutique;;;;Foisonnement
WCE261046;22/08/2017 15:15;210.39;En attente;;facturation;42.08;252.47;mobile;6,48025E+11;test;test;test;Mme;rue de paradis;;75010;PARIS 10;France;;test;612121212;;;;;;;;;;;;;;;;;;5;5032;equipements;Mini chargeur secteur 2A micro USB;1;10.00;12.00;10.00;20.00;;;2;3,57121E+12;7,29,76;equipement;;;;;OBS;desktop;boutique;;;;Foisonnement
100009516;28/08/2017 12:29;35.00;En attente;;rib;;;offre_internet;1,22222E+13;;test;test;Mme;49  Rue Pierre Brossolette;;92300;Levallois-Perret;France;;;601010101;145197344;;1,22222E+13;;test;test;Mme;49  Rue Pierre Brossolette;;92300;Levallois-Perret;France;marjolaine.avinen@orange.com;;601010101;145197344;;1;8100;internet;Internet pro fibre équilibre;1;35.00;35.00;35.00;0.00;;;1;DEFAULT_8100;127,128,131;internet;;;;;PROSPECT;desktop;boutique;;;;
100009516;28/08/2017 12:29;35.00;En attente;;rib;;;offre_internet;1,22222E+13;;test;test;Mme;49  Rue Pierre Brossolette;;92300;Levallois-Perret;France;;;601010101;145197344;;1,22222E+13;;test;test;Mme;49  Rue Pierre Brossolette;;92300;Levallois-Perret;France;marjolaine.avinen@orange.com;;601010101;145197344;;3;5356;internet;Xambox (Découverte);1;0.00;0.00;0.00;20.00;Decouverte;;1;DEFAULT_5356;127,129,133,134,135;option_internet;;;;;PROSPECT;desktop;boutique;;;;
100009519;28/08/2017 14:59;40.00;En attente;;rib;;;offre_internet;1,22222E+13;;test;test;Mme;49  Rue Pierre Brossolette;;92300;Levallois-Perret;France;;;601010101;145197344;;1,22222E+13;;test;test;Mme;49  Rue Pierre Brossolette;;92300;Levallois-Perret;France;marjolaine.avinen@orange.com;;601010101;145197344;;1;8100;internet;Internet pro fibre équilibre;1;35.00;35.00;35.00;0.00;;;1;DEFAULT_8100;127,128,131;internet;;;;;PROSPECT;desktop;boutique;;;;
100009519;28/08/2017 14:59;40.00;En attente;;rib;;;offre_internet;1,22222E+13;;test;test;Mme;49  Rue Pierre Brossolette;;92300;Levallois-Perret;France;;;601010101;145197344;;1,22222E+13;;test;test;Mme;49  Rue Pierre Brossolette;;92300;Levallois-Perret;France;marjolaine.avinen@orange.com;;601010101;145197344;;2;4299;internet;Livebox Pro;1;5.00;6.00;5.00;20.00;;;1;DEFAULT_4299;127,128;internet;;;;;PROSPECT;desktop;boutique;;;;
100009519;28/08/2017 14:59;40.00;En attente;;rib;;;offre_internet;1,22222E+13;;test;test;Mme;49  Rue Pierre Brossolette;;92300;Levallois-Perret;France;;;601010101;145197344;;1,22222E+13;;test;test;Mme;49  Rue Pierre Brossolette;;92300;Levallois-Perret;France;marjolaine.avinen@orange.com;;601010101;145197344;;4;5356;internet;Xambox (Découverte);1;0.00;0.00;0.00;20.00;Decouverte;;1;DEFAULT_5356;127,129,133,134,135;option_internet;;;;;PROSPECT;desktop;boutique;;;;
100009520;28/08/2017 15:13;40.00;En attente;;rib;;;offre_internet;1,22222E+13;;test;test;Mme;49  Rue Pierre Brossolette;;92300;Levallois-Perret;France;;;601010101;145197344;;1,22222E+13;;test;test;Mme;49  Rue Pierre Brossolette;;92300;Levallois-Perret;France;marjolaine.avinen@orange.com;;601010101;145197344;;1;8100;internet;Internet pro fibre équilibre;1;35.00;35.00;35.00;0.00;;;1;DEFAULT_8100;127,128,131;internet;;;;;PROSPECT;desktop;boutique;;;;
100009520;28/08/2017 15:13;40.00;En attente;;rib;;;offre_internet;1,22222E+13;;test;test;Mme;49  Rue Pierre Brossolette;;92300;Levallois-Perret;France;;;601010101;145197344;;1,22222E+13;;test;test;Mme;49  Rue Pierre Brossolette;;92300;Levallois-Perret;France;marjolaine.avinen@orange.com;;601010101;145197344;;2;4299;internet;Livebox Pro;1;5.00;6.00;5.00;20.00;;;1;DEFAULT_4299;127,128;internet;;;;;PROSPECT;desktop;boutique;;;;
100009520;28/08/2017 15:13;40.00;En attente;;rib;;;offre_internet;1,22222E+13;;test;test;Mme;49  Rue Pierre Brossolette;;92300;Levallois-Perret;France;;;601010101;145197344;;1,22222E+13;;test;test;Mme;49  Rue Pierre Brossolette;;92300;Levallois-Perret;France;marjolaine.avinen@orange.com;;601010101;145197344;;4;5356;internet;Xambox (Découverte);1;0.00;0.00;0.00;20.00;Decouverte;;1;DEFAULT_5356;127,129,133,134,135;option_internet;;;;;PROSPECT;desktop;boutique;;;;
100009521;28/08/2017 15:20;40.00;En attente;;rib;;;offre_internet;1,22222E+13;;test;test;Mme;49  Rue Pierre Brossolette;;92300;Levallois-Perret;France;;;601010101;145197344;;1,22222E+13;;test;test;Mme;49  Rue Pierre Brossolette;;92300;Levallois-Perret;France;marjolaine.avinen@orange.com;;601010101;145197344;;1;8100;internet;Internet pro fibre équilibre;1;35.00;35.00;35.00;0.00;;;1;DEFAULT_8100;127,128,131;internet;;;;;PROSPECT;desktop;boutique;;;;
100009521;28/08/2017 15:20;40.00;En attente;;rib;;;offre_internet;1,22222E+13;;test;test;Mme;49  Rue Pierre Brossolette;;92300;Levallois-Perret;France;;;601010101;145197344;;1,22222E+13;;test;test;Mme;49  Rue Pierre Brossolette;;92300;Levallois-Perret;France;marjolaine.avinen@orange.com;;601010101;145197344;;2;4299;internet;Livebox Pro;1;5.00;6.00;5.00;20.00;;;1;DEFAULT_4299;127,128;internet;;;;;PROSPECT;desktop;boutique;;;;
100009526;28/08/2017 15:46;40.00;En attente;;rib;;;offre_internet;5,22607E+13;;Isabelle;MORIN;Mme;49 rue pierre brossolette;;92300;levallois perret;France;;;655664477;145197344;;5,22607E+13;;Isabelle;MORIN;Mme;49 rue pierre brossolette;;92300;levallois perret;France;mbenmounah.ext@orange.com;;655664477;145197344;;1;8100;internet;Internet pro fibre équilibre;1;35.00;35.00;35.00;0.00;;;1;DEFAULT_8100;127,128,131;internet;;;;;PROSPECT;desktop;boutique;;;;
100009526;28/08/2017 15:46;40.00;En attente;;rib;;;offre_internet;5,22607E+13;;Isabelle;MORIN;Mme;49 rue pierre brossolette;;92300;levallois perret;France;;;655664477;145197344;;5,22607E+13;;Isabelle;MORIN;Mme;49 rue pierre brossolette;;92300;levallois perret;France;mbenmounah.ext@orange.com;;655664477;145197344;;2;4299;internet;Livebox Pro;1;5.00;6.00;5.00;20.00;;;1;DEFAULT_4299;127,128;internet;;;;;PROSPECT;desktop;boutique;;;;
100009526;28/08/2017 15:46;40.00;En attente;;rib;;;offre_internet;5,22607E+13;;Isabelle;MORIN;Mme;49 rue pierre brossolette;;92300;levallois perret;France;;;655664477;145197344;;5,22607E+13;;Isabelle;MORIN;Mme;49 rue pierre brossolette;;92300;levallois perret;France;mbenmounah.ext@orange.com;;655664477;145197344;;4;5356;internet;Xambox (Découverte);1;0.00;0.00;0.00;20.00;Decouverte;;1;DEFAULT_5356;127,129,133,134,135;option_internet;;;;;PROSPECT;desktop;boutique;;;;
100009528;28/08/2017 15:57;40.00;En attente;;rib;;;offre_internet;1,22222E+13;;test;test;Mme;49  Rue Pierre Brossolette;;92300;Levallois-Perret;France;;;601010101;145197344;;1,22222E+13;;test;test;Mme;49  Rue Pierre Brossolette;;92300;Levallois-Perret;France;marjolaine.avinen@orange.com;;601010101;145197344;;1;8100;internet;Internet pro fibre équilibre;1;35.00;35.00;35.00;0.00;;;1;DEFAULT_8100;127,128,131;internet;;;;;PROSPECT;desktop;boutique;;;;
100009528;28/08/2017 15:57;40.00;En attente;;rib;;;offre_internet;1,22222E+13;;test;test;Mme;49  Rue Pierre Brossolette;;92300;Levallois-Perret;France;;;601010101;145197344;;1,22222E+13;;test;test;Mme;49  Rue Pierre Brossolette;;92300;Levallois-Perret;France;marjolaine.avinen@orange.com;;601010101;145197344;;2;4299;internet;Livebox Pro;1;5.00;6.00;5.00;20.00;;;1;DEFAULT_4299;127,128;internet;;;;;PROSPECT;desktop;boutique;;;;
100009528;28/08/2017 15:57;40.00;En attente;;rib;;;offre_internet;1,22222E+13;;test;test;Mme;49  Rue Pierre Brossolette;;92300;Levallois-Perret;France;;;601010101;145197344;;1,22222E+13;;test;test;Mme;49  Rue Pierre Brossolette;;92300;Levallois-Perret;France;marjolaine.avinen@orange.com;;601010101;145197344;;4;5356;internet;Xambox (Découverte);1;0.00;0.00;0.00;20.00;Decouverte;;1;DEFAULT_5356;127,129,133,134,135;option_internet;;;;;PROSPECT;desktop;boutique;;;;
WCE264363;30/08/2017 10:43;96.50;En attente de validation des documents;;rib;19.30;115.80;mobile;1,22222E+13;test test;TEST;TEST;Mme;10 rue adresse;;75010;PARIS 10;France;;DEV;600000000;;;;;;;;;;;;;;;;;;1;7568;telephone_mobile;LG K3 bleu 8Go;1;1.00;1.20;1.00;20.00;;innovant1;1;224689;13,54,97;mobile;;;;;PROSPECT;desktop;boutique;;;;Foisonnement
WCE264363;30/08/2017 10:43;96.50;En attente de validation des documents;;rib;19.30;115.80;mobile;1,22222E+13;test test;TEST;TEST;Mme;10 rue adresse;;75010;PARIS 10;France;;DEV;600000000;;;;;;;;;;;;;;;;;;2;7049;telephone_mobile;Performance pro initial voix;1;19.00;22.80;19.00;20.00;24-mois;innovant1;1;DEFAULT_7049;13,55,108;forfait;;02E111111J7B;601010101;30/09/2017;PROSPECT;desktop;boutique;;;;Foisonnement
WCE264363;30/08/2017 10:43;96.50;En attente de validation des documents;;rib;19.30;115.80;mobile;1,22222E+13;test test;TEST;TEST;Mme;10 rue adresse;;75010;PARIS 10;France;;DEV;600000000;;;;;;;;;;;;;;;;;;3;3038;telephone_mobile;Facture Electronique;1;0.00;0.00;0.00;20.00;;classique;1;FEL;;option_perso;;;;;PROSPECT;desktop;boutique;;;;Foisonnement
WCE264363;30/08/2017 10:43;96.50;En attente de validation des documents;;rib;19.30;115.80;mobile;1,22222E+13;test test;TEST;TEST;Mme;10 rue adresse;;75010;PARIS 10;France;;DEV;600000000;;;;;;;;;;;;;;;;;;4;6867;telephone_mobile;alerte conso utilisateur;1;1.50;1.80;1.50;20.00;;classique;1;DEFAULT_6867;;option_perso;;;;;PROSPECT;desktop;boutique;;;;Foisonnement
WCE264363;30/08/2017 10:43;96.50;En attente de validation des documents;;rib;19.30;115.80;mobile;1,22222E+13;test test;TEST;TEST;Mme;10 rue adresse;;75010;PARIS 10;France;;DEV;600000000;;;;;;;;;;;;;;;;;;5;5754;telephone_mobile;Répondeur Premium;1;60.00;72.00;60.00;20.00;;classique;1;Messagerie Prem;;option_perso;;;;;PROSPECT;desktop;boutique;;;;Foisonnement
WCE264363;30/08/2017 10:43;96.50;En attente de validation des documents;;rib;19.30;115.80;mobile;1,22222E+13;test test;TEST;TEST;Mme;10 rue adresse;;75010;PARIS 10;France;;DEV;600000000;;;;;;;;;;;;;;;;;;6;4403;equipements;Etui club XL;1;15.00;18.00;15.00;20.00;;;1;3,57121E+12;7,29,72;equipement;;;;;PROSPECT;desktop;boutique;;;;Foisonnement
WCE273843;30/08/2017 10:46;88.90;En attente;;rib;17.78;106.68;mobile;1,22222E+13;TEST;test;test;Mme;82 rue d'Hauteville;;75010;PARIS 10;France;;test;601010101;;;;;;;;;;;;;;;;;;1;7051;default;Performance pro initial;1;29.00;34.80;29.00;20.00;24-mois;innovant1;1;DEFAULT_7051;13,55,108;forfait;;;;;PROSPECT;MOBILE;boutique;;;;Foisonnement
WCE273843;30/08/2017 10:46;88.90;En attente;;rib;17.78;106.68;mobile;1,22222E+13;TEST;test;test;Mme;82 rue d'Hauteville;;75010;PARIS 10;France;;test;601010101;;;;;;;;;;;;;;;;;;2;6999;default;Samsung Galaxy J3 2016 noir 8Go;1;19.90;23.88;19.90;20.00;;innovant1;1;224025;13,54,97;mobile;;;;;PROSPECT;MOBILE;boutique;;;;Foisonnement
WCE273843;30/08/2017 10:46;88.90;En attente;;rib;17.78;106.68;mobile;1,22222E+13;TEST;test;test;Mme;82 rue d'Hauteville;;75010;PARIS 10;France;;test;601010101;;;;;;;;;;;;;;;;;;3;3373;default;abondance 21 h vers fixes Maghreb;1;15.00;18.00;15.00;20.00;;classique;1;abondance-21-h-;;option_perso;;;;;PROSPECT;MOBILE;boutique;;;;Foisonnement
WCE273843;30/08/2017 10:46;88.90;En attente;;rib;17.78;106.68;mobile;1,22222E+13;TEST;test;test;Mme;82 rue d'Hauteville;;75010;PARIS 10;France;;test;601010101;;;;;;;;;;;;;;;;;;4;4393;equipements;Oreillette Bluetooth® M70 Plantronics;1;25.00;30.00;25.00;20.00;;;1;5,03359E+12;7,29,74;equipement;;;;;PROSPECT;MOBILE;boutique;;;;Foisonnement
E292288;30/08/2017 10:48;25.00;En attente;colissimo;cheque;5.00;30.00;equipement;;TEST TEST;TEST;TEST;Sté;rue de paradis;;75010;PARIS 10;France;;;600000000;;;;;;;;;;;;;;;;;;1;4393;equipements;Oreillette Bluetooth® M70 Plantronics;1;25.00;30.00;25.00;20.00;;;1;5,03359E+12;7,29,74;equipement;;;;;OBS;desktop;boutique;;;;
WCE252501;30/08/2017 10:54;100.00;En attente;;facturation;20.00;120.00;mobile;6,48025E+11;test;test;test;Mme;rue de paradis;;75010;PARIS 10;France;;test;612121212;;;;;;;;;;;;;;;;;;1;7060;default;Performance pro intense;1;65.00;78.00;65.00;20.00;24-mois;innovant3;1;DEFAULT_7060;13,55,108;forfait;;02E111111J7B;601010101;31/10/2017;OBS;MOBILE;boutique;;;;Foisonnement
WCE252501;30/08/2017 10:54;100.00;En attente;;facturation;20.00;120.00;mobile;6,48025E+11;test;test;test;Mme;rue de paradis;;75010;PARIS 10;France;;test;612121212;;;;;;;;;;;;;;;;;;2;6999;default;Samsung Galaxy J3 2016 noir 8Go;1;1.00;1.20;1.00;20.00;;innovant3;1;224025;13,54,97;mobile;;;;;OBS;MOBILE;boutique;;;;Foisonnement
WCE252501;30/08/2017 10:54;100.00;En attente;;facturation;20.00;120.00;mobile;6,48025E+11;test;test;test;Mme;rue de paradis;;75010;PARIS 10;France;;test;612121212;;;;;;;;;;;;;;;;;;3;2270;default;carte jumelle;1;5.00;6.00;5.00;20.00;;classique;1;SKU-OPM-9;;option_perso;;;;;OBS;MOBILE;boutique;;;;Foisonnement
WCE252501;30/08/2017 10:54;100.00;En attente;;facturation;20.00;120.00;mobile;6,48025E+11;test;test;test;Mme;rue de paradis;;75010;PARIS 10;France;;test;612121212;;;;;;;;;;;;;;;;;;4;3820;equipements;Support auto universel Samsung;1;29.00;34.80;29.00;20.00;;;1;8,80609E+12;7,29,81,83;equipement;;;;;OBS;MOBILE;boutique;;;;Foisonnement
WCE257337;30/08/2017 10:56;439.90;En attente;;facturation;87.98;527.88;mobile;6,48025E+11;test;test;test;Mme;rue de paradis;;75010;PARIS 10;France;;test;612121212;;;;;;;;;;;;;;;;;;1;7663;telephone_mobile;Sony Xperia XZ bleu 32Go;1;439.90;527.88;439.90;20.00;;;1;225336;13,54,125;mobile;;;;;OBS;MOBILE;boutique;;;;Foisonnement
WCE258822;30/08/2017 10:56;39.68;En attente;;facturation;7.94;47.62;mobile;6,48025E+11;test;test;test;Mme;rue de paradis;;75010;PARIS 10;France;;test;612121212;;;;;;;;;;;;;;;;;;1;7028;telephone_mobile;forfait smart pro 5Go;1;19.99;23.99;19.99;20.00;sans engagement;smartpro;1;DEFAULT_7028;13,55,111;forfait;;;;;OBS;desktop;boutique;;;;Foisonnement
WCE258822;30/08/2017 10:56;39.68;En attente;;facturation;7.94;47.62;mobile;6,48025E+11;test;test;test;Mme;rue de paradis;;75010;PARIS 10;France;;test;612121212;;;;;;;;;;;;;;;;;;2;10933;telephone_mobile;Facture Électronique Certifiée;1;0.00;0.00;0.00;20.00;;classique;1;FEC;;option_perso;;;;;OBS;desktop;boutique;;;;Foisonnement
WCE258822;30/08/2017 10:56;39.68;En attente;;facturation;7.94;47.62;mobile;6,48025E+11;test;test;test;Mme;rue de paradis;;75010;PARIS 10;France;;test;612121212;;;;;;;;;;;;;;;;;;3;3173;telephone_mobile;assistance 706;1;5.00;6.00;5.00;20.00;;classique;1;assistance706;;option_perso;;;;;OBS;desktop;boutique;;;;Foisonnement
WCE258822;30/08/2017 10:56;39.68;En attente;;facturation;7.94;47.62;mobile;6,48025E+11;test;test;test;Mme;rue de paradis;;75010;PARIS 10;France;;test;612121212;;;;;;;;;;;;;;;;;;4;9544;telephone_mobile;ePresse (25 titres);1;14.69;17.63;14.69;20.00;;classique;1;ePresse-20-cred;;option_perso;;;;;OBS;desktop;boutique;;;;Foisonnement
WCE267757;30/08/2017 11:27;304.90;En attente;;facturation;60.98;365.88;mobile;6,48025E+11;test;test;test;Mme;rue de paradis;;75010;PARIS 10;France;;test;612121212;;;;;;;;;;;;;;;;;;1;5213;telephone_mobile;Samsung Galaxy Tab Active noir 16Go;1;149.90;179.88;149.90;20.00;;innovant2;1;221597;13,58,103;mobile;;;;;OBS;desktop;boutique;;;;Foisonnement
WCE267757;30/08/2017 11:27;304.90;En attente;;facturation;60.98;365.88;mobile;6,48025E+11;test;test;test;Mme;rue de paradis;;75010;PARIS 10;France;;test;612121212;;;;;;;;;;;;;;;;;;2;3595;telephone_mobile;Business Everywhere pro Initial;1;26.00;31.20;26.00;20.00;12-mois;innovant2;1;DEFAULT_3595;13,55,109;forfait;;;;;OBS;desktop;boutique;;;;Foisonnement
WCE267757;30/08/2017 11:27;304.90;En attente;;facturation;60.98;365.88;mobile;6,48025E+11;test;test;test;Mme;rue de paradis;;75010;PARIS 10;France;;test;612121212;;;;;;;;;;;;;;;;;;3;5289;telephone_mobile;pack info media (ePresse, deezer);1;10.00;12.00;10.00;20.00;;classique;1;apps_packinfo;;option_perso;;;;;OBS;desktop;boutique;;;;Foisonnement
WCE267757;30/08/2017 11:27;304.90;En attente;;facturation;60.98;365.88;mobile;6,48025E+11;test;test;test;Mme;rue de paradis;;75010;PARIS 10;France;;test;612121212;;;;;;;;;;;;;;;;;;4;5032;equipements;Mini chargeur secteur 2A micro USB;1;10.00;12.00;10.00;20.00;;;1;3,57121E+12;7,29,76;equipement;;;;;OBS;desktop;boutique;;;;Foisonnement
WCE267757;30/08/2017 11:27;304.90;En attente;;facturation;60.98;365.88;mobile;6,48025E+11;test;test;test;Mme;rue de paradis;;75010;PARIS 10;France;;test;612121212;;;;;;;;;;;;;;;;;;5;5660;equipements;Casque Backbeat Sense Plantronics;1;109.00;130.80;109.00;20.00;;;1;5,03359E+12;7,153;equipement;;;;;OBS;desktop;boutique;;;;Foisonnement
100009588;30/08/2017 11:35;44.00;En attente;;rib;;;offre_internet;1,22222E+13;;test;test;Mme;49  Rue Pierre Brossolette;;92300;Levallois-Perret;France;;;600000000;145197344;;1,22222E+13;;test;test;Mme;49  Rue Pierre Brossolette;;92300;Levallois-Perret;France;sylvie.fontanier@orange.com;;600000000;145197344;;1;8101;internet;Internet pro fibre intense;1;44.00;52.80;44.00;20.00;;;1;DEFAULT_8101;127,128,131;internet;;;;;PROSPECT;desktop;boutique;;;;
WCE273350;30/08/2017 11:46;618.90;En attente;;facturation;123.78;742.68;mobile;6,48025E+11;test;test;test;Mme;rue de paradis;;75010;PARIS 10;France;;test;612121212;;;;;;;;;;;;;;;;;;2;5856;telephone_mobile;Samsung Galaxy S7 edge noir 32Go;1;569.90;683.88;569.90;20.00;;;2;223817;13,54,125;mobile;;;;;OBS;desktop;boutique;;;;Foisonnement
WCE273350;30/08/2017 11:46;618.90;En attente;;facturation;123.78;742.68;mobile;6,48025E+11;test;test;test;Mme;rue de paradis;;75010;PARIS 10;France;;test;612121212;;;;;;;;;;;;;;;;;;3;5881;equipements;Coque cuir Samsung S7 Edge noir;1;49.00;58.80;49.00;20.00;;;2;8,80609E+12;7,29,72;equipement;;;;;OBS;desktop;boutique;;;;Foisonnement
COM170830002489;30/08/2017 11:46;200.60;En attente;;facturation;40.12;240.72;mobile;5,42063E+13;MONVOISIN ASSURANCES;Antonio;ABBRUZZESE;M;3 RUE DES ALOUETTES;;94320;THIAIS;France;;;;164835232;;;;;;;;;;;;;;;;;1;6999;telephone_mobile;Samsung Galaxy J3 2016 noir 8Go;1;139.90;167.88;139.90;20.00;;;1;224025;13,54,97;mobile;;;;;OBS;desktop;boutique;;;;Foisonnement
COM170830002489;30/08/2017 11:46;200.60;En attente;;facturation;40.12;240.72;mobile;5,42063E+13;MONVOISIN ASSURANCES;Antonio;ABBRUZZESE;M;3 RUE DES ALOUETTES;;94320;THIAIS;France;;;;164835232;;;;;;;;;;;;;;;;;2;4393;telephone_mobile;Oreillette Bluetooth® M70 Plantronics;1;25.00;30.00;25.00;20.00;;;2;5,03359E+12;7,29,74;equipement;;;;;OBS;desktop;boutique;;;;Foisonnement
COM170830002489;30/08/2017 11:46;200.60;En attente;;facturation;40.12;240.72;mobile;5,42063E+13;MONVOISIN ASSURANCES;Antonio;ABBRUZZESE;M;3 RUE DES ALOUETTES;;94320;THIAIS;France;;;;164835232;;;;;;;;;;;;;;;;;3;3820;telephone_mobile;Support auto universel Samsung;1;29.00;34.80;29.00;20.00;;;3;8,80609E+12;7,29,81,83;equipement;;;;;OBS;desktop;boutique;;;;Foisonnement
COM170830002489;30/08/2017 11:46;200.60;En attente;;facturation;40.12;240.72;mobile;5,42063E+13;MONVOISIN ASSURANCES;Antonio;ABBRUZZESE;M;3 RUE DES ALOUETTES;;94320;THIAIS;France;;;;164835232;;;;;;;;;;;;;;;;;4;3191;telephone_mobile;Pack Multiadaptateur SIM;1;6.70;8.04;6.70;20.00;;;4;3,56129E+12;7,29,79;equipement;;;;;OBS;desktop;boutique;;;;Foisonnement
WCE269803;30/08/2017 11:49;29.99;En attente;;facturation;6.00;35.99;mobile;6,48025E+11;test;test;test;Mme;rue de paradis;;75010;PARIS 10;France;;test;612121212;;;;;;;;;;;;;;;;;;3;7028;telephone_mobile;forfait smart pro 5Go;1;19.99;23.99;19.99;20.00;sans engagement;smartpro;2;DEFAULT_7028;13,55,111;forfait;;;;;OBS;desktop;boutique;;;;Foisonnement
WCE269803;30/08/2017 11:49;29.99;En attente;;facturation;6.00;35.99;mobile;6,48025E+11;test;test;test;Mme;rue de paradis;;75010;PARIS 10;France;;test;612121212;;;;;;;;;;;;;;;;;;4;10934;telephone_mobile;Facture Électronique;1;0.00;0.00;0.00;20.00;;classique;2;FEC;;option_perso;;;;;OBS;desktop;boutique;;;;Foisonnement
WCE269803;30/08/2017 11:49;29.99;En attente;;facturation;6.00;35.99;mobile;6,48025E+11;test;test;test;Mme;rue de paradis;;75010;PARIS 10;France;;test;612121212;;;;;;;;;;;;;;;;;;5;3619;telephone_mobile;Abondance Europe USA - Canada sans engagement;1;10.00;12.00;10.00;20.00;;classique;2;abon_europe_sma;;option_perso;;;;;OBS;desktop;boutique;;;;Foisonnement
33G20000510000000001;05/09/2017 09:26;0.00;Enregistré;;;20.00;0.00;internet;4,22202E+13;MARSAC;Bénédicte;MARSAC;M;;;;;France;;;;607603201;;;;;;;;;;;;;;;;;1;4273;internet;IP fixe;1;0.00;0.00;0.00;20.00;;;1;DEFAULT_4273;127,129;option_internet;;;;;PROSPECT;desktop;boutique;;;;
33G20000510000000003;05/09/2017 11:29;1.67;Enregistré;;;20.00;2.00;internet;3,17834E+13;THIROBOIS;Marie-Hélèn;THIROBOIS;M;;;;;France;;;;100000000;;;;;;;;;;;;;;;;;1;4276;internet;Gigamail;1;1.67;2.00;1.67;20.00;;;1;DEFAULT_4276;127,129,133,134,135;option_internet;;;;;PROSPECT;MOBILE;boutique;;;;
100009756;05/09/2017 14:20;55.00;En attente;;rib;;;offre_internet;1,22222E+13;;test;test;Mme;49  Rue Pierre Brossolette;;92300;Levallois-Perret;France;;;600000000;145197344;;1,22222E+13;;test;test;Mme;49  Rue Pierre Brossolette;;92300;Levallois-Perret;France;sylvie.fontanier@orange.com;;600000000;145197344;;1;8103;internet;La fibre pro équilibre;1;55.00;66.00;55.00;20.00;;;1;DEFAULT_8103;127,128,131;internet;;;;;PROSPECT;desktop;boutique;;;;
100009756;05/09/2017 14:20;55.00;En attente;;rib;;;offre_internet;1,22222E+13;;test;test;Mme;49  Rue Pierre Brossolette;;92300;Levallois-Perret;France;;;600000000;145197344;;1,22222E+13;;test;test;Mme;49  Rue Pierre Brossolette;;92300;Levallois-Perret;France;sylvie.fontanier@orange.com;;600000000;145197344;;3;5356;internet;Xambox (Découverte);1;0.00;0.00;0.00;20.00;Decouverte;;1;DEFAULT_5356;127,129,133,134,135;option_internet;;;;;PROSPECT;desktop;boutique;;;;
WCE268229;05/09/2017 14:24;219.90;En attente;;facturation;43.98;263.88;mobile;6,48025E+11;test;test;test;Mme;rue de paradis;;75010;PARIS 10;France;;test;612121212;;;;;;;;;;;;;;;;;;1;8089;telephone_mobile;Samsung Galaxy Xcover4 noir 16Go;1;219.90;263.88;219.90;20.00;;;1;226486;13,54,97,125;mobile;;;;;OBS;desktop;boutique;;;;Foisonnement
WCE259475;05/09/2017 14:29;44.99;En attente;;facturation;9.00;53.99;mobile;6,48025E+11;test;test;test;Mme;rue de paradis;;75010;PARIS 10;France;;test;612121212;;;;;;;;;;;;;;;;;;1;7028;telephone_mobile;forfait smart pro 5Go;1;19.99;23.99;19.99;20.00;sans engagement;smartpro;1;DEFAULT_7028;13,55,111;forfait;;;;;OBS;desktop;boutique;;;;Foisonnement
WCE259475;05/09/2017 14:29;44.99;En attente;;facturation;9.00;53.99;mobile;6,48025E+11;test;test;test;Mme;rue de paradis;;75010;PARIS 10;France;;test;612121212;;;;;;;;;;;;;;;;;;2;3173;telephone_mobile;assistance 706;1;5.00;6.00;5.00;20.00;;classique;1;assistance706;;option_perso;;;;;OBS;desktop;boutique;;;;Foisonnement
WCE259475;05/09/2017 14:29;44.99;En attente;;facturation;9.00;53.99;mobile;6,48025E+11;test;test;test;Mme;rue de paradis;;75010;PARIS 10;France;;test;612121212;;;;;;;;;;;;;;;;;;3;3620;telephone_mobile;Abondance Asie - Moyen Orient - Océanie sans engagement ;1;20.00;24.00;20.00;20.00;;classique;1;abon_asie_smart;;option_perso;;;;;OBS;desktop;boutique;;;;Foisonnement
100009757;05/09/2017 14:32;55.00;En attente;;rib;;;offre_internet;1,22222E+13;;test;test;Mme;TEST;;75005;PARIS 05;France;;;601010101;145391663;;1,22222E+13;;test;test;Mme;TEST;;75005;PARIS 05;France;marjolaine.avinen@orange.com;;601010101;145391663;;1;8103;internet;La fibre pro équilibre;1;55.00;66.00;55.00;20.00;;;1;DEFAULT_8103;127,128,131;internet;;;;;PROSPECT;desktop;boutique;;;;
WCE252481;05/09/2017 14:33;104.90;En attente;;facturation;20.98;125.88;mobile;6,48025E+11;test;test;test;Mme;rue de paradis;;75010;PARIS 10;France;;test;612121212;;;;;;;;;;;;;;;;;;1;7052;telephone_mobile;Performance pro équilibre;1;45.00;54.00;45.00;20.00;24-mois;innovant1;1;DEFAULT_7052;13,55,108;forfait;;;;;OBS;desktop;boutique;;;;Foisonnement
WCE252481;05/09/2017 14:33;104.90;En attente;;facturation;20.98;125.88;mobile;6,48025E+11;test;test;test;Mme;rue de paradis;;75010;PARIS 10;France;;test;612121212;;;;;;;;;;;;;;;;;;2;7916;telephone_mobile;Samsung Galaxy A3 2017 noir 16 Go;1;59.90;71.88;59.90;20.00;;innovant1;1;226112;97;mobile;;;;;OBS;desktop;boutique;;;;Foisonnement
WCE276252;05/09/2017 14:38;156.90;En attente de validation des documents;;rib;31.38;188.28;mobile;1,22222E+13;test test;TEST;TEST;Mme;10 rue adresse;;75010;PARIS 10;France;;DEV;600000000;;;;;;;;;;;;;;;;;;1;8089;telephone_mobile;Samsung Galaxy Xcover4 noir 16Go;1;69.90;83.88;69.90;20.00;;innovant3;1;226486;13,54,97,125;mobile;;;;;PROSPECT;desktop;boutique;;;;Foisonnement
WCE276252;05/09/2017 14:38;156.90;En attente de validation des documents;;rib;31.38;188.28;mobile;1,22222E+13;test test;TEST;TEST;Mme;10 rue adresse;;75010;PARIS 10;France;;DEV;600000000;;;;;;;;;;;;;;;;;;2;7060;telephone_mobile;Performance pro intense;1;72.00;86.40;72.00;20.00;12-mois;innovant3;1;DEFAULT_7060;13,55,108;forfait;;02E111111J7B;601010101;31/10/2017;PROSPECT;desktop;boutique;;;;Foisonnement
WCE276252;05/09/2017 14:38;156.90;En attente de validation des documents;;rib;31.38;188.28;mobile;1,22222E+13;test test;TEST;TEST;Mme;10 rue adresse;;75010;PARIS 10;France;;DEV;600000000;;;;;;;;;;;;;;;;;;3;6330;telephone_mobile;assurance vol;1;6.00;7.20;6.00;20.00;;innovant1;1;assurance vol;;option_perso;;;;;PROSPECT;desktop;boutique;;;;Foisonnement
WCE276252;05/09/2017 14:38;156.90;En attente de validation des documents;;rib;31.38;188.28;mobile;1,22222E+13;test test;TEST;TEST;Mme;10 rue adresse;;75010;PARIS 10;France;;DEV;600000000;;;;;;;;;;;;;;;;;;4;5841;telephone_mobile;assurance casse et vol;1;9.00;10.80;9.00;20.00;;innovant1;1;assurance casse;;option_perso;;;;;PROSPECT;desktop;boutique;;;;Foisonnement
E263249;05/09/2017 14:45;25.00;En attente;colissimo;cheque;5.00;30.00;equipement;;TEST TEST;TEST;TEST;Sté;rue de paradis;;75010;PARIS 10;France;;dev;600000000;;;;;;;;;;;;;;;;;;1;4393;equipements;Oreillette Bluetooth® M70 Plantronics;1;25.00;30.00;25.00;20.00;;;1;5,03359E+12;7,29,74;equipement;;;;;OBS;desktop;boutique;;;;
WCE287031;05/09/2017 14:54;124.90;En attente;;rib;24.98;149.88;mobile;1,22222E+13;TEST;test;test;Mme;82 rue d'Hauteville;;75010;PARIS 10;France;;test;601010101;;;;;;;;;;;;;;;;;;1;7052;default;Performance pro équilibre;1;45.00;54.00;45.00;20.00;24-mois;innovant1;1;DEFAULT_7052;13,55,108;forfait;;;;;PROSPECT;MOBILE;boutique;;;;Foisonnement
WCE287031;05/09/2017 14:54;124.90;En attente;;rib;24.98;149.88;mobile;1,22222E+13;TEST;test;test;Mme;82 rue d'Hauteville;;75010;PARIS 10;France;;test;601010101;;;;;;;;;;;;;;;;;;2;6999;default;Samsung Galaxy J3 2016 noir 8Go;1;19.90;23.88;19.90;20.00;;innovant1;1;224025;13,54,97;mobile;;;;;PROSPECT;MOBILE;boutique;;;;Foisonnement
WCE287031;05/09/2017 14:54;124.90;En attente;;rib;24.98;149.88;mobile;1,22222E+13;TEST;test;test;Mme;82 rue d'Hauteville;;75010;PARIS 10;France;;test;601010101;;;;;;;;;;;;;;;;;;3;3373;default;abondance 21 h vers fixes Maghreb;1;15.00;18.00;15.00;20.00;;classique;1;abondance-21-h-;;option_perso;;;;;PROSPECT;MOBILE;boutique;;;;Foisonnement
WCE287031;05/09/2017 14:54;124.90;En attente;;rib;24.98;149.88;mobile;1,22222E+13;TEST;test;test;Mme;82 rue d'Hauteville;;75010;PARIS 10;France;;test;601010101;;;;;;;;;;;;;;;;;;4;3374;default;abondance 21 h vers fixes Asie-Moyen Orient-Océanie;1;20.00;24.00;20.00;20.00;;classique;1;abondance Asie-;;option_perso;;;;;PROSPECT;MOBILE;boutique;;;;Foisonnement
WCE287031;05/09/2017 14:54;124.90;En attente;;rib;24.98;149.88;mobile;1,22222E+13;TEST;test;test;Mme;82 rue d'Hauteville;;75010;PARIS 10;France;;test;601010101;;;;;;;;;;;;;;;;;;5;4393;equipements;Oreillette Bluetooth® M70 Plantronics;1;25.00;30.00;25.00;20.00;;;1;5,03359E+12;7,29,74;equipement;;;;;PROSPECT;MOBILE;boutique;;;;Foisonnement
WCE282645;05/09/2017 15:17;44.68;En attente;;facturation;8.94;53.62;mobile;6,48025E+11;test;test;test;Mme;rue de paradis;;75010;PARIS 10;France;;dev;612121212;;;;;;;;;;;;;;;;;;1;7028;telephone_mobile;forfait smart pro 5Go;1;19.99;23.99;19.99;20.00;sans engagement;smartpro;1;DEFAULT_7028;13,55,111;forfait;;;;;OBS;desktop;boutique;;;;Foisonnement
WCE282645;05/09/2017 15:17;44.68;En attente;;facturation;8.94;53.62;mobile;6,48025E+11;test;test;test;Mme;rue de paradis;;75010;PARIS 10;France;;dev;612121212;;;;;;;;;;;;;;;;;;2;3173;telephone_mobile;assistance 706;1;5.00;6.00;5.00;20.00;;classique;1;assistance706;;option_perso;;;;;OBS;desktop;boutique;;;;Foisonnement
WCE282645;05/09/2017 15:17;44.68;En attente;;facturation;8.94;53.62;mobile;6,48025E+11;test;test;test;Mme;rue de paradis;;75010;PARIS 10;France;;dev;612121212;;;;;;;;;;;;;;;;;;3;2270;telephone_mobile;carte jumelle;1;5.00;6.00;5.00;20.00;;classique;1;SKU-OPM-9;;option_perso;;;;;OBS;desktop;boutique;;;;Foisonnement
WCE282645;05/09/2017 15:17;44.68;En attente;;facturation;8.94;53.62;mobile;6,48025E+11;test;test;test;Mme;rue de paradis;;75010;PARIS 10;France;;dev;612121212;;;;;;;;;;;;;;;;;;4;9544;telephone_mobile;ePresse (25 titres);1;14.69;17.63;14.69;20.00;;classique;1;ePresse-20-cred;;option_perso;;;;;OBS;desktop;boutique;;;;Foisonnement
WCE276461;05/09/2017 15:27;514.80;En attente;;facturation;102.96;617.76;mobile;6,48025E+11;test;test;test;Mme;rue de paradis;;75010;PARIS 10;France;;dev;612121212;;;;;;;;;;;;;;;;;;2;7060;default;Performance pro intense;1;65.00;78.00;65.00;20.00;24-mois;innovant3;2;DEFAULT_7060;13,55,108;forfait;;02E111111J7B;601010101;15/10/2017;OBS;MOBILE;boutique;;;;Foisonnement
WCE276461;05/09/2017 15:27;514.80;En attente;;facturation;102.96;617.76;mobile;6,48025E+11;test;test;test;Mme;rue de paradis;;75010;PARIS 10;France;;dev;612121212;;;;;;;;;;;;;;;;;;3;7916;default;Samsung Galaxy A3 2017 noir 16 Go;1;9.90;11.88;9.90;20.00;;innovant3;2;226112;97;mobile;;;;;OBS;MOBILE;boutique;;;;Foisonnement
WCE276461;05/09/2017 15:27;514.80;En attente;;facturation;102.96;617.76;mobile;6,48025E+11;test;test;test;Mme;rue de paradis;;75010;PARIS 10;France;;dev;612121212;;;;;;;;;;;;;;;;;;4;7663;telephone_mobile;Sony Xperia XZ bleu 32Go;1;439.90;527.88;439.90;20.00;;;3;225336;13,54,125;mobile;;;;;OBS;MOBILE;boutique;;;;Foisonnement
WCE274273;05/09/2017 15:46;159.90;En attente;;facturation;31.98;191.88;mobile;6,48025E+11;test;test;test;Mme;rue de paradis;;75010;PARIS 10;France;;dev;612121212;;;;;;;;;;;;;;;;;;1;5213;telephone_mobile;Samsung Galaxy Tab Active noir 16Go;1;79.90;95.88;79.90;20.00;;innovant3;1;221597;13,58,103;mobile;;;;;OBS;desktop;boutique;;;;Foisonnement
WCE274273;05/09/2017 15:46;159.90;En attente;;facturation;31.98;191.88;mobile;6,48025E+11;test;test;test;Mme;rue de paradis;;75010;PARIS 10;France;;dev;612121212;;;;;;;;;;;;;;;;;;2;6064;telephone_mobile;Business Everywhere pro intense travel;1;70.00;84.00;70.00;20.00;24-mois;innovant3;1;DEFAULT_6064;13,55,109;forfait;;;;;OBS;desktop;boutique;;;;Foisonnement
WCE274273;05/09/2017 15:46;159.90;En attente;;facturation;31.98;191.88;mobile;6,48025E+11;test;test;test;Mme;rue de paradis;;75010;PARIS 10;France;;dev;612121212;;;;;;;;;;;;;;;;;;3;5032;equipements;Mini chargeur secteur 2A micro USB;1;10.00;12.00;10.00;20.00;;;1;3,57121E+12;7,29,76;equipement;;;;;OBS;desktop;boutique;;;;Foisonnement
MI252114;06/09/2017 15:45;50.00;Enregistré;;rib;;60.00;migration_internet;;;;;;;;;;;;;;;;;;;;;;;;;;;;;;;1;8154;internet;SWAG;1;45.00;54.00;45.00;20.00;;;0;;;internet;;;;;OBS;desktop;boutique;;;;
MI252114;06/09/2017 15:45;50.00;Enregistré;;rib;;60.00;migration_internet;;;;;;;;;;;;;;;;;;;;;;;;;;;;;;;2;0;internet;Livebox 4 pro;1;5.00;6.00;5.00;20.00;;;0;;;equipement;;;;;OBS;desktop;boutique;;;;
MI252114;06/09/2017 15:45;50.00;Enregistré;;rib;;60.00;migration_internet;;;;;;;;;;;;;;;;;;;;;;;;;;;;;;;3;0;internet;@ IP fixe (pro);1;0.00;0.00;0.00;0.00;;;0;;;option_internet;;;;;OBS;desktop;boutique;;;;
MI252114;06/09/2017 15:45;50.00;Enregistré;;rib;;60.00;migration_internet;;;;;;;;;;;;;;;;;;;;;;;;;;;;;;;4;0;internet;Xambox numérisation / archivage;1;0.00;0.00;0.00;0.00;;;0;;;option_internet;;;;;OBS;desktop;boutique;;;;
MI252114;06/09/2017 15:45;50.00;Enregistré;;rib;;60.00;migration_internet;;;;;;;;;;;;;;;;;;;;;;;;;;;;;;;5;0;internet;Polaris Office;1;0.00;0.00;0.00;0.00;;;0;;;option_internet;;;;;OBS;desktop;boutique;;;;
MI252114;06/09/2017 15:45;50.00;Enregistré;;rib;;60.00;migration_internet;;;;;;;;;;;;;;;;;;;;;;;;;;;;;;;6;0;internet;SugarSync;1;0.00;0.00;0.00;0.00;;;0;;;option_internet;;;;;OBS;desktop;boutique;;;;
MI252114;06/09/2017 15:45;50.00;Enregistré;;rib;;60.00;migration_internet;;;;;;;;;;;;;;;;;;;;;;;;;;;;;;;7;0;internet;Messagerie;1;0.00;0.00;0.00;0.00;;;0;;;option_internet;;;;;OBS;desktop;boutique;;;;
WCE265495;07/09/2017 08:44;659.89;En attente;;facturation;131.98;791.87;mobile;6,48025E+11;test;test;test;Mme;rue de paradis;;75010;PARIS 10;France;;dev;612121212;;;;;;;;;;;;;;;;;;1;7578;telephone_mobile;Apple iPhone 7 Noir 32 Go;1;649.90;779.88;649.90;20.00;;smartpro;1;225356;13,54,96,125;mobile;;;;;OBS;MOBILE;boutique;;;;Foisonnement
WCE265495;07/09/2017 08:44;659.89;En attente;;facturation;131.98;791.87;mobile;6,48025E+11;test;test;test;Mme;rue de paradis;;75010;PARIS 10;France;;dev;612121212;;;;;;;;;;;;;;;;;;2;3153;telephone_mobile;forfait smart pro 24/7;1;9.99;11.99;9.99;20.00;sans engagement;smartpro;1;DEFAULT_3153;13,55,111;forfait;;;;;OBS;MOBILE;boutique;;;;Foisonnement
WCE265495;07/09/2017 08:44;659.89;En attente;;facturation;131.98;791.87;mobile;6,48025E+11;test;test;test;Mme;rue de paradis;;75010;PARIS 10;France;;dev;612121212;;;;;;;;;;;;;;;;;;3;10934;telephone_mobile;Facture Électronique;1;0.00;0.00;0.00;20.00;;classique;1;FEC;;option_perso;;;;;OBS;MOBILE;boutique;;;;Foisonnement
WCE297419;07/09/2017 08:51;9.99;En attente;;facturation;2.00;11.99;mobile;6,48025E+11;test;test;test;Mme;rue de paradis;;75010;PARIS 10;France;;dev;612121212;;;;;;;;;;;;;;;;;;1;3153;telephone_mobile;forfait smart pro 24/7;1;9.99;11.99;9.99;20.00;sans engagement;smartpro;1;DEFAULT_3153;13,55,111;forfait;;;;;OBS;desktop;boutique;;;;Foisonnement
WCE297419;07/09/2017 08:51;9.99;En attente;;facturation;2.00;11.99;mobile;6,48025E+11;test;test;test;Mme;rue de paradis;;75010;PARIS 10;France;;dev;612121212;;;;;;;;;;;;;;;;;;2;10933;telephone_mobile;Facture Électronique Certifiée;1;0.00;0.00;0.00;20.00;;classique;1;FEC;;option_perso;;;;;OBS;desktop;boutique;;;;Foisonnement
WCE268430;07/09/2017 08:57;9.99;En attente;;facturation;2.00;11.99;mobile;6,48025E+11;test;test;test;Mme;rue de paradis;;75010;PARIS 10;France;;dev;612121212;;;;;;;;;;;;;;;;;;1;3153;telephone_mobile;forfait smart pro 24/7;1;9.99;11.99;9.99;20.00;sans engagement;smartpro;1;DEFAULT_3153;13,55,111;forfait;;;;;OBS;desktop;boutique;;;;Foisonnement
WCE268430;07/09/2017 08:57;9.99;En attente;;facturation;2.00;11.99;mobile;6,48025E+11;test;test;test;Mme;rue de paradis;;75010;PARIS 10;France;;dev;612121212;;;;;;;;;;;;;;;;;;2;10933;telephone_mobile;Facture Électronique Certifiée;1;0.00;0.00;0.00;20.00;;classique;1;FEC;;option_perso;;;;;OBS;desktop;boutique;;;;Foisonnement
WCE289971;07/09/2017 09:06;9.99;En attente;;facturation;2.00;11.99;mobile;6,48025E+11;test;test;test;Mme;rue de paradis;;75010;PARIS 10;France;;dev;612121212;;;;;;;;;;;;;;;;;;1;3153;telephone_mobile;forfait smart pro 24/7;1;9.99;11.99;9.99;20.00;sans engagement;smartpro;1;DEFAULT_3153;13,55,111;forfait;;;;;OBS;desktop;boutique;;;;Foisonnement
WCE289971;07/09/2017 09:06;9.99;En attente;;facturation;2.00;11.99;mobile;6,48025E+11;test;test;test;Mme;rue de paradis;;75010;PARIS 10;France;;dev;612121212;;;;;;;;;;;;;;;;;;2;10933;telephone_mobile;Facture Électronique Certifiée;1;0.00;0.00;0.00;20.00;;classique;1;FEC;;option_perso;;;;;OBS;desktop;boutique;;;;Foisonnement
WCE259938;07/09/2017 09:07;9.99;En attente;;facturation;2.00;11.99;mobile;6,48025E+11;test;test;test;Mme;rue de paradis;;75010;PARIS 10;France;;dev;612121212;;;;;;;;;;;;;;;;;;1;3153;telephone_mobile;forfait smart pro 24/7;1;9.99;11.99;9.99;20.00;sans engagement;smartpro;1;DEFAULT_3153;13,55,111;forfait;;;;;OBS;desktop;boutique;;;;Foisonnement
WCE259938;07/09/2017 09:07;9.99;En attente;;facturation;2.00;11.99;mobile;6,48025E+11;test;test;test;Mme;rue de paradis;;75010;PARIS 10;France;;dev;612121212;;;;;;;;;;;;;;;;;;2;10933;telephone_mobile;Facture Électronique Certifiée;1;0.00;0.00;0.00;20.00;;classique;1;FEC;;option_perso;;;;;OBS;desktop;boutique;;;;Foisonnement
WCE288475;12/09/2017 17:09;124.90;En attente;;rib;24.98;149.88;mobile;1,22222E+13;TEST;test;test;Mme;TEST;;75003;PARIS 03;France;;test;601010101;;;;;;;;;;;;;;;;;;1;7662;telephone_mobile;Sony Xperia XZ platine 32Go;1;59.90;71.88;59.90;20.00;;;1;225334;13,54,125;mobile;;;;;PROSPECT;desktop;boutique;;;;Foisonnement
WCE288475;12/09/2017 17:09;124.90;En attente;;rib;24.98;149.88;mobile;1,22222E+13;TEST;test;test;Mme;TEST;;75003;PARIS 03;France;;test;601010101;;;;;;;;;;;;;;;;;;2;7060;telephone_mobile;Performance pro intense;1;65.00;78.00;65.00;20.00;24-mois;innovant3;1;DEFAULT_7060;13,55,108;forfait;;;;;PROSPECT;desktop;boutique;;;;Foisonnement
WCE289329;13/09/2017 10:58;700.23;En attente;;facturation;140.05;840.28;mobile;6,48025E+11;test;test;test;Mme;rue de paradis;;75010;PARIS 10;France;;dev;612121212;;;;;;;;;;;;;;;;;;1;8057;telephone_mobile;Samsung Galaxy S8 Noir Carbone 64Go;1;679.90;815.88;679.90;20.00;;;1;226466;13,54,125,162;mobile;;;;;OBS;desktop;boutique;;;;Foisonnement
WCE289329;13/09/2017 10:58;700.23;En attente;;facturation;140.05;840.28;mobile;6,48025E+11;test;test;test;Mme;rue de paradis;;75010;PARIS 10;France;;dev;612121212;;;;;;;;;;;;;;;;;;2;2950;telephone_mobile;Orange Premier;1;12.00;14.40;12.00;20.00;;classique;1;Orange Premier;;option_perso;;;;;OBS;desktop;boutique;;;;Foisonnement
WCE289329;13/09/2017 10:58;700.23;En attente;;facturation;140.05;840.28;mobile;6,48025E+11;test;test;test;Mme;rue de paradis;;75010;PARIS 10;France;;dev;612121212;;;;;;;;;;;;;;;;;;3;6391;telephone_mobile;Orange Deezer UE premium+;1;8.33;10.00;8.33;20.00;;classique;1;Orange Deezer p;;option_perso;;;;;OBS;desktop;boutique;;;;Foisonnement
WCE291111;13/09/2017 11:32;545.09;En attente;;rib;109.02;654.11;mobile;1,22222E+13;test test;TEST;TEST;Mme;10 rue adresse;;75010;PARIS 10;France;;DEV;600000000;;;;;;;;;;;;;;;;;;1;8055;telephone_mobile;Samsung Galaxy S8+ Noir Carbone 64Go;1;499.90;599.88;499.90;20.00;;innovant1;1;226476;13,54,125,162;mobile;;;;;PROSPECT;desktop;boutique;;;;Foisonnement
WCE291111;13/09/2017 11:32;545.09;En attente;;rib;109.02;654.11;mobile;1,22222E+13;test test;TEST;TEST;Mme;10 rue adresse;;75010;PARIS 10;France;;DEV;600000000;;;;;;;;;;;;;;;;;;2;7051;telephone_mobile;Performance pro initial;1;29.00;34.80;29.00;20.00;24-mois;innovant1;1;DEFAULT_7051;13,55,108;forfait;;02E111111J7B;601010101;30/09/2017;PROSPECT;desktop;boutique;;;;Foisonnement
WCE291111;13/09/2017 11:32;545.09;En attente;;rib;109.02;654.11;mobile;1,22222E+13;test test;TEST;TEST;Mme;10 rue adresse;;75010;PARIS 10;France;;DEV;600000000;;;;;;;;;;;;;;;;;;3;3038;telephone_mobile;Facture Electronique;1;0.00;0.00;0.00;20.00;;classique;1;FEL;;option_perso;;;;;PROSPECT;desktop;boutique;;;;Foisonnement
WCE291111;13/09/2017 11:32;545.09;En attente;;rib;109.02;654.11;mobile;1,22222E+13;test test;TEST;TEST;Mme;10 rue adresse;;75010;PARIS 10;France;;DEV;600000000;;;;;;;;;;;;;;;;;;4;6867;telephone_mobile;alerte conso utilisateur;1;1.50;1.80;1.50;20.00;;classique;1;DEFAULT_6867;;option_perso;;;;;PROSPECT;desktop;boutique;;;;Foisonnement
WCE291111;13/09/2017 11:32;545.09;En attente;;rib;109.02;654.11;mobile;1,22222E+13;test test;TEST;TEST;Mme;10 rue adresse;;75010;PARIS 10;France;;DEV;600000000;;;;;;;;;;;;;;;;;;5;9544;telephone_mobile;ePresse (25 titres);1;14.69;17.63;14.69;20.00;;classique;1;ePresse-20-cred;;option_perso;;;;;PROSPECT;desktop;boutique;;;;Foisonnement
100010037;13/09/2017 12:06;55.00;En attente;;rib;;;offre_internet;1,22222E+13;;test;test;Mme;49  Rue Pierre Brossolette;;92300;Levallois-Perret;France;;;601010101;145197344;;1,22222E+13;;test;test;Mme;49  Rue Pierre Brossolette;;92300;Levallois-Perret;France;aoldiddn@yahoo.fr;;601010101;145197344;;1;8103;internet;La fibre pro équilibre;1;55.00;66.00;55.00;20.00;;;1;DEFAULT_8103;127,128,131;internet;;;;;PROSPECT;desktop;boutique;;;;
100010037;13/09/2017 12:06;55.00;En attente;;rib;;;offre_internet;1,22222E+13;;test;test;Mme;49  Rue Pierre Brossolette;;92300;Levallois-Perret;France;;;601010101;145197344;;1,22222E+13;;test;test;Mme;49  Rue Pierre Brossolette;;92300;Levallois-Perret;France;aoldiddn@yahoo.fr;;601010101;145197344;;3;5356;internet;Xambox (Découverte);1;0.00;0.00;0.00;20.00;Decouverte;;1;DEFAULT_5356;127,129,133,134,135;option_internet;;;;;PROSPECT;desktop;boutique;;;;
WCE282026;13/09/2017 13:56;97.00;En attente;;facturation;19.40;116.40;mobile;6,48025E+11;test;test;test;Mme;rue de paradis;;75010;PARIS 10;France;;dev;612121212;;;;;;;;;;;;;;;;;;1;7064;telephone_mobile;Huawei P9 Lite noir 16Go;1;1.00;1.20;1.00;20.00;;innovant3;1;224244;13,54,97;mobile;;;;;OBS;desktop;boutique;;;;Foisonnement
WCE282026;13/09/2017 13:56;97.00;En attente;;facturation;19.40;116.40;mobile;6,48025E+11;test;test;test;Mme;rue de paradis;;75010;PARIS 10;France;;dev;612121212;;;;;;;;;;;;;;;;;;2;7060;telephone_mobile;Performance pro intense;1;65.00;78.00;65.00;20.00;24-mois;innovant3;1;DEFAULT_7060;13,55,108;forfait;;;;;OBS;desktop;boutique;;;;Foisonnement
WCE282026;13/09/2017 13:56;97.00;En attente;;facturation;19.40;116.40;mobile;6,48025E+11;test;test;test;Mme;rue de paradis;;75010;PARIS 10;France;;dev;612121212;;;;;;;;;;;;;;;;;;3;3038;telephone_mobile;Facture Electronique;1;0.00;0.00;0.00;20.00;;classique;1;FEL;;option_perso;;;;;OBS;desktop;boutique;;;;Foisonnement
WCE282026;13/09/2017 13:56;97.00;En attente;;facturation;19.40;116.40;mobile;6,48025E+11;test;test;test;Mme;rue de paradis;;75010;PARIS 10;France;;dev;612121212;;;;;;;;;;;;;;;;;;4;6330;telephone_mobile;assurance vol;1;6.00;7.20;6.00;20.00;;innovant1;1;assurance vol;;option_perso;;;;;OBS;desktop;boutique;;;;Foisonnement
WCE282026;13/09/2017 13:56;97.00;En attente;;facturation;19.40;116.40;mobile;6,48025E+11;test;test;test;Mme;rue de paradis;;75010;PARIS 10;France;;dev;612121212;;;;;;;;;;;;;;;;;;5;4393;equipements;Oreillette Bluetooth® M70 Plantronics;1;25.00;30.00;25.00;20.00;;;1;5,03359E+12;7,29,74;equipement;;;;;OBS;desktop;boutique;;;;Foisonnement
FOL1505303836;13/09/2017 13:57;322.49;Validé;;facturation;64.50;386.99;mobile;3,20852E+13;test;Test;TEST;Mme;10 rue du test;test;92000;Nanterre;France;;;;;;;;;;;;;;;;;;;;;1;5853;telephone_mobile;Samsung Galaxy S7 noir 32Go;1;295.00;354.00;295.00;20.00;24-mois;;1;223811;13,54,125;mobile;;;;;OBS;desktop;boutique;;;;PCM
FOL1505303836;13/09/2017 13:57;322.49;Validé;;facturation;64.50;386.99;mobile;3,20852E+13;test;Test;TEST;Mme;10 rue du test;test;92000;Nanterre;France;;;;;;;;;;;;;;;;;;;;;2;4975;telephone_mobile;Lookout premium;1;2.49;2.99;2.49;20.00;;classique;1;apps_lookout;;option_perso;;;;;OBS;desktop;boutique;;;;PCM
FOL1505303836;13/09/2017 13:57;322.49;Validé;;facturation;64.50;386.99;mobile;3,20852E+13;test;Test;TEST;Mme;10 rue du test;test;92000;Nanterre;France;;;;;;;;;;;;;;;;;;;;;3;5450;equipements;"Chargeur allume cigare micro USB Samsung ""Fast charging""";1;25.00;30.00;25.00;20.00;;;1;8,80609E+12;29,76;equipement;;;;;OBS;desktop;boutique;;;;PCM
WCE264874;13/09/2017 14:07;708.90;En attente;;facturation;141.78;850.68;mobile;6,48025E+11;test;test;test;Mme;rue de paradis;;75010;PARIS 10;France;;dev;612121212;;;;;;;;;;;;;;;;;;1;7578;telephone_mobile;Apple iPhone 7 Noir 32 Go;1;679.90;815.88;679.90;20.00;;;1;225356;13,54,96,125;mobile;;;;;OBS;desktop;boutique;;;;Foisonnement
WCE264874;13/09/2017 14:07;708.90;En attente;;facturation;141.78;850.68;mobile;6,48025E+11;test;test;test;Mme;rue de paradis;;75010;PARIS 10;France;;dev;612121212;;;;;;;;;;;;;;;;;;2;3820;equipements;Support auto universel Samsung;1;29.00;34.80;29.00;20.00;;;1;8,80609E+12;7,29,81,83;equipement;;;;;OBS;desktop;boutique;;;;Foisonnement
WCE295331;13/09/2017 14:09;349.23;En attente;;facturation;69.85;419.08;mobile;6,48025E+11;test;test;test;Mme;rue de paradis;;75010;PARIS 10;France;;dev;612121212;;;;;;;;;;;;;;;;;;1;8057;telephone_mobile;Samsung Galaxy S8 Noir Carbone 64Go;1;269.90;323.88;269.90;20.00;;innovant3;1;226466;13,54,125,162;mobile;;;;;OBS;desktop;boutique;;;;Foisonnement
WCE295331;13/09/2017 14:09;349.23;En attente;;facturation;69.85;419.08;mobile;6,48025E+11;test;test;test;Mme;rue de paradis;;75010;PARIS 10;France;;dev;612121212;;;;;;;;;;;;;;;;;;2;7060;telephone_mobile;Performance pro intense;1;65.00;78.00;65.00;20.00;24-mois;innovant3;1;DEFAULT_7060;13,55,108;forfait;;;;;OBS;desktop;boutique;;;;Foisonnement
WCE295331;13/09/2017 14:09;349.23;En attente;;facturation;69.85;419.08;mobile;6,48025E+11;test;test;test;Mme;rue de paradis;;75010;PARIS 10;France;;dev;612121212;;;;;;;;;;;;;;;;;;3;6330;telephone_mobile;assurance vol;1;6.00;7.20;6.00;20.00;;innovant1;1;assurance vol;;option_perso;;;;;OBS;desktop;boutique;;;;Foisonnement
WCE295331;13/09/2017 14:09;349.23;En attente;;facturation;69.85;419.08;mobile;6,48025E+11;test;test;test;Mme;rue de paradis;;75010;PARIS 10;France;;dev;612121212;;;;;;;;;;;;;;;;;;4;6391;telephone_mobile;Orange Deezer UE premium+;1;8.33;10.00;8.33;20.00;;classique;1;Orange Deezer p;;option_perso;;;;;OBS;desktop;boutique;;;;Foisonnement
COM170913002972;13/09/2017 14:19;257.90;En attente;;facturation;51.58;309.48;mobile;5,42055E+13;SOCIETE FRANCAISE DE DISTRIBUTION D'EA;Jean Charles;BISSIRI;M;105 RUE DES RESISTANTS;;59280;ARMENTIERES;France;;;;;;;;;;;;;;;;;;;;;1;3414;telephone_mobile;Apple iPhone 5S Gris 16Go;1;219.90;263.88;219.90;20.00;;classique;1;219049;13,54,96,125;mobile;;;;;OBS;desktop;boutique;;;;Reassort
COM170913002972;13/09/2017 14:19;257.90;En attente;;facturation;51.58;309.48;mobile;5,42055E+13;SOCIETE FRANCAISE DE DISTRIBUTION D'EA;Jean Charles;BISSIRI;M;105 RUE DES RESISTANTS;;59280;ARMENTIERES;France;;;;;;;;;;;;;;;;;;;;;2;4975;telephone_mobile;Lookout premium;1;0.00;0.00;0.00;20.00;;classique;1;apps_lookout;146;option_forfait;;;;;OBS;desktop;boutique;;;;Reassort
COM170913002972;13/09/2017 14:19;257.90;En attente;;facturation;51.58;309.48;mobile;5,42055E+13;SOCIETE FRANCAISE DE DISTRIBUTION D'EA;Jean Charles;BISSIRI;M;105 RUE DES RESISTANTS;;59280;ARMENTIERES;France;;;;;;;;;;;;;;;;;;;;;3;5841;telephone_mobile;assurance casse et vol;1;9.00;10.80;9.00;20.00;;innovant1;1;assurance casse;146;option_forfait;;;;;OBS;desktop;boutique;;;;Reassort
COM170913002972;13/09/2017 14:19;257.90;En attente;;facturation;51.58;309.48;mobile;5,42055E+13;SOCIETE FRANCAISE DE DISTRIBUTION D'EA;Jean Charles;BISSIRI;M;105 RUE DES RESISTANTS;;59280;ARMENTIERES;France;;;;;;;;;;;;;;;;;;;;;4;0;telephone_mobile;secret appel par appel;1;0.00;0.00;0.00;20.00;;;1;;;option_forfait;;;;;OBS;desktop;boutique;;;;Reassort
COM170913002972;13/09/2017 14:19;257.90;En attente;;facturation;51.58;309.48;mobile;5,42055E+13;SOCIETE FRANCAISE DE DISTRIBUTION D'EA;Jean Charles;BISSIRI;M;105 RUE DES RESISTANTS;;59280;ARMENTIERES;France;;;;;;;;;;;;;;;;;;;;;5;0;telephone_mobile;messagerie vocale;1;0.00;0.00;0.00;20.00;;;1;;;option_forfait;;;;;OBS;desktop;boutique;;;;Reassort
COM170913002972;13/09/2017 14:19;257.90;En attente;;facturation;51.58;309.48;mobile;5,42055E+13;SOCIETE FRANCAISE DE DISTRIBUTION D'EA;Jean Charles;BISSIRI;M;105 RUE DES RESISTANTS;;59280;ARMENTIERES;France;;;;;;;;;;;;;;;;;;;;;6;0;telephone_mobile;SIM triple découpe;1;0.00;0.00;0.00;20.00;;;1;;;option_forfait;;;;;OBS;desktop;boutique;;;;Reassort
COM170913002972;13/09/2017 14:19;257.90;En attente;;facturation;51.58;309.48;mobile;5,42055E+13;SOCIETE FRANCAISE DE DISTRIBUTION D'EA;Jean Charles;BISSIRI;M;105 RUE DES RESISTANTS;;59280;ARMENTIERES;France;;;;;;;;;;;;;;;;;;;;;7;0;telephone_mobile;roaming WiFi International;1;0.00;0.00;0.00;20.00;;;1;;;option_forfait;;;;;OBS;desktop;boutique;;;;Reassort
COM170913002972;13/09/2017 14:19;257.90;En attente;;facturation;51.58;309.48;mobile;5,42055E+13;SOCIETE FRANCAISE DE DISTRIBUTION D'EA;Jean Charles;BISSIRI;M;105 RUE DES RESISTANTS;;59280;ARMENTIERES;France;;;;;;;;;;;;;;;;;;;;;8;6691;telephone_mobile;mode international;1;0.00;0.00;0.00;20.00;;classique;1;DEFAULT_6691;;option_forfait;;;;;OBS;desktop;boutique;;;;Reassort
COM170913002972;13/09/2017 14:19;257.90;En attente;;facturation;51.58;309.48;mobile;5,42055E+13;SOCIETE FRANCAISE DE DISTRIBUTION D'EA;Jean Charles;BISSIRI;M;105 RUE DES RESISTANTS;;59280;ARMENTIERES;France;;;;;;;;;;;;;;;;;;;;;9;6006;telephone_mobile;Orange Open pro partagé Mobile Basic;1;10.00;12.00;10.00;20.00;24-mois;classique;1;DEFAULT_6006;13,55,108;forfait;;;;;OBS;desktop;boutique;;;;Reassort
COM170913002972;13/09/2017 14:19;257.90;En attente;;facturation;51.58;309.48;mobile;5,42055E+13;SOCIETE FRANCAISE DE DISTRIBUTION D'EA;Jean Charles;BISSIRI;M;105 RUE DES RESISTANTS;;59280;ARMENTIERES;France;;;;;;;;;;;;;;;;;;;;;10;3219;telephone_mobile;Tete de charge Apple 5W USB Power;1;19.00;22.80;19.00;20.00;;;2;8,8591E+11;7,29,76,100,101;equipement;;;;;OBS;desktop;boutique;;;;Reassort
COM170913002973;13/09/2017 14:35;25.00;En attente;;facturation;5.00;30.00;mobile;5,42098E+13;BNP PARIBAS PERSONAL FINANCE;Jean-Pierre;PONTILLE;M;12 RUE LIEUTENANT COL BERNARD;;83200;TOULON;France;;;;;;;;;;;;;;;;;;;;;1;4393;telephone_mobile;Oreillette Bluetooth® M70 Plantronics;1;25.00;30.00;25.00;20.00;;;1;5,03359E+12;7,29,74;equipement;;;;;OBS;desktop;boutique;;;;Foisonnement
WCE295007;13/09/2017 14:49;267.40;En attente de validation des documents;;rib;53.48;320.88;mobile;1,22222E+13;test test;TEST;TEST;Mme;10 rue adresse;;75010;PARIS 10;France;;DEV;600000000;;;;;;;;;;;;;;;;;;1;5853;telephone_mobile;Samsung Galaxy S7 noir 32Go;1;219.90;263.88;219.90;20.00;;innovant1;1;223811;13,54,125;mobile;;;;;PROSPECT;desktop;boutique;;;;Foisonnement
WCE295007;13/09/2017 14:49;267.40;En attente de validation des documents;;rib;53.48;320.88;mobile;1,22222E+13;test test;TEST;TEST;Mme;10 rue adresse;;75010;PARIS 10;France;;DEV;600000000;;;;;;;;;;;;;;;;;;2;7049;telephone_mobile;Performance pro initial voix;1;21.00;25.20;21.00;20.00;12-mois;innovant1;1;DEFAULT_7049;13,55,108;forfait;;02E111111J7B;601010101;30/09/2017;PROSPECT;desktop;boutique;;;;Foisonnement
WCE295007;13/09/2017 14:49;267.40;En attente de validation des documents;;rib;53.48;320.88;mobile;1,22222E+13;test test;TEST;TEST;Mme;10 rue adresse;;75010;PARIS 10;France;;DEV;600000000;;;;;;;;;;;;;;;;;;3;3038;telephone_mobile;Facture Electronique;1;0.00;0.00;0.00;20.00;;classique;1;FEL;;option_perso;;;;;PROSPECT;desktop;boutique;;;;Foisonnement
WCE295007;13/09/2017 14:49;267.40;En attente de validation des documents;;rib;53.48;320.88;mobile;1,22222E+13;test test;TEST;TEST;Mme;10 rue adresse;;75010;PARIS 10;France;;DEV;600000000;;;;;;;;;;;;;;;;;;4;6867;telephone_mobile;alerte conso utilisateur;1;1.50;1.80;1.50;20.00;;classique;1;DEFAULT_6867;;option_perso;;;;;PROSPECT;desktop;boutique;;;;Foisonnement
WCE295007;13/09/2017 14:49;267.40;En attente de validation des documents;;rib;53.48;320.88;mobile;1,22222E+13;test test;TEST;TEST;Mme;10 rue adresse;;75010;PARIS 10;France;;DEV;600000000;;;;;;;;;;;;;;;;;;5;5450;equipements;"Chargeur allume cigare micro USB Samsung ""Fast charging""";1;25.00;30.00;25.00;20.00;;;1;8,80609E+12;29,76;equipement;;;;;PROSPECT;desktop;boutique;;;;Foisonnement
WCE299727;13/09/2017 15:02;19.99;En attente;;facturation;4.00;23.99;mobile;6,48025E+11;test;test;test;Mme;rue de paradis;;75010;PARIS 10;France;;dev;612121212;;;;;;;;;;;;;;;;;;1;7028;telephone_mobile;forfait smart pro 5Go;1;19.99;23.99;19.99;20.00;sans engagement;smartpro;1;DEFAULT_7028;13,55,111;forfait;;;;;OBS;desktop;boutique;;;;Foisonnement
WCE299727;13/09/2017 15:02;19.99;En attente;;facturation;4.00;23.99;mobile;6,48025E+11;test;test;test;Mme;rue de paradis;;75010;PARIS 10;France;;dev;612121212;;;;;;;;;;;;;;;;;;2;10933;telephone_mobile;Facture Électronique Certifiée;1;0.00;0.00;0.00;20.00;;classique;1;FEC;;option_perso;;;;;OBS;desktop;boutique;;;;Foisonnement
WCE283084;13/09/2017 15:11;386.90;En attente;;facturation;77.38;464.28;mobile;6,48025E+11;test;test;test;Mme;rue de paradis;;75010;PARIS 10;France;;dev;612121212;;;;;;;;;;;;;;;;;;1;5213;telephone_mobile;Samsung Galaxy Tab Active noir 16Go;1;359.90;431.88;359.90;20.00;;smartpro;1;221597;13,58,103;mobile;;;;;OBS;desktop;boutique;;;;Foisonnement
WCE283084;13/09/2017 15:11;386.90;En attente;;facturation;77.38;464.28;mobile;6,48025E+11;test;test;test;Mme;rue de paradis;;75010;PARIS 10;France;;dev;612121212;;;;;;;;;;;;;;;;;;2;5984;telephone_mobile;Business Everywhere pro initial sans engagement;1;17.00;20.40;17.00;20.00;sans engagement;smartpro;1;DEFAULT_5984;13,55,109,110;forfait;;;;;OBS;desktop;boutique;;;;Foisonnement
WCE283084;13/09/2017 15:11;386.90;En attente;;facturation;77.38;464.28;mobile;6,48025E+11;test;test;test;Mme;rue de paradis;;75010;PARIS 10;France;;dev;612121212;;;;;;;;;;;;;;;;;;3;5032;equipements;Mini chargeur secteur 2A micro USB;1;10.00;12.00;10.00;20.00;;;1;3,57121E+12;7,29,76;equipement;;;;;OBS;desktop;boutique;;;;Foisonnement
COM170913002974;13/09/2017 15:24;278.90;En attente;;facturation;55.78;334.68;mobile;5,42065E+13;EUROPCAR INTERNATIONAL SA;René;DEL DUCA;M;12 RUE LIEUTENANT COL BERNARD;;83200;TOULON;France;;;;153843860;;;;;;;;;;;;;;;;;1;3414;telephone_mobile;Apple iPhone 5S Gris 16Go;1;229.90;275.88;229.90;20.00;;innovant1;1;219049;13,54,96,125;mobile;;;;;OBS;desktop;boutique;;;;Foisonnement
COM170913002974;13/09/2017 15:24;278.90;En attente;;facturation;55.78;334.68;mobile;5,42065E+13;EUROPCAR INTERNATIONAL SA;René;DEL DUCA;M;12 RUE LIEUTENANT COL BERNARD;;83200;TOULON;France;;;;153843860;;;;;;;;;;;;;;;;;2;4975;telephone_mobile;Lookout premium;1;0.00;0.00;0.00;20.00;;classique;1;apps_lookout;146;option_forfait;;;;;OBS;desktop;boutique;;;;Foisonnement
COM170913002974;13/09/2017 15:24;278.90;En attente;;facturation;55.78;334.68;mobile;5,42065E+13;EUROPCAR INTERNATIONAL SA;René;DEL DUCA;M;12 RUE LIEUTENANT COL BERNARD;;83200;TOULON;France;;;;153843860;;;;;;;;;;;;;;;;;3;5841;telephone_mobile;assurance casse et vol;1;9.00;10.80;9.00;20.00;;innovant1;1;assurance casse;146;option_forfait;;;;;OBS;desktop;boutique;;;;Foisonnement
COM170913002974;13/09/2017 15:24;278.90;En attente;;facturation;55.78;334.68;mobile;5,42065E+13;EUROPCAR INTERNATIONAL SA;René;DEL DUCA;M;12 RUE LIEUTENANT COL BERNARD;;83200;TOULON;France;;;;153843860;;;;;;;;;;;;;;;;;4;0;telephone_mobile;secret appel par appel;1;0.00;0.00;0.00;20.00;;;1;;;option_forfait;;;;;OBS;desktop;boutique;;;;Foisonnement
COM170913002974;13/09/2017 15:24;278.90;En attente;;facturation;55.78;334.68;mobile;5,42065E+13;EUROPCAR INTERNATIONAL SA;René;DEL DUCA;M;12 RUE LIEUTENANT COL BERNARD;;83200;TOULON;France;;;;153843860;;;;;;;;;;;;;;;;;5;0;telephone_mobile;messagerie vocale;1;0.00;0.00;0.00;20.00;;;1;;;option_forfait;;;;;OBS;desktop;boutique;;;;Foisonnement
COM170913002974;13/09/2017 15:24;278.90;En attente;;facturation;55.78;334.68;mobile;5,42065E+13;EUROPCAR INTERNATIONAL SA;René;DEL DUCA;M;12 RUE LIEUTENANT COL BERNARD;;83200;TOULON;France;;;;153843860;;;;;;;;;;;;;;;;;6;0;telephone_mobile;SIM triple découpe;1;0.00;0.00;0.00;20.00;;;1;;;option_forfait;;;;;OBS;desktop;boutique;;;;Foisonnement
COM170913002974;13/09/2017 15:24;278.90;En attente;;facturation;55.78;334.68;mobile;5,42065E+13;EUROPCAR INTERNATIONAL SA;René;DEL DUCA;M;12 RUE LIEUTENANT COL BERNARD;;83200;TOULON;France;;;;153843860;;;;;;;;;;;;;;;;;7;0;telephone_mobile;Restriction Usage Modem;1;0.00;0.00;0.00;20.00;;;1;;;option_forfait;;;;;OBS;desktop;boutique;;;;Foisonnement
COM170913002974;13/09/2017 15:24;278.90;En attente;;facturation;55.78;334.68;mobile;5,42065E+13;EUROPCAR INTERNATIONAL SA;René;DEL DUCA;M;12 RUE LIEUTENANT COL BERNARD;;83200;TOULON;France;;;;153843860;;;;;;;;;;;;;;;;;8;0;telephone_mobile;roaming WiFi International;1;0.00;0.00;0.00;20.00;;;1;;;option_forfait;;;;;OBS;desktop;boutique;;;;Foisonnement
COM170913002974;13/09/2017 15:24;278.90;En attente;;facturation;55.78;334.68;mobile;5,42065E+13;EUROPCAR INTERNATIONAL SA;René;DEL DUCA;M;12 RUE LIEUTENANT COL BERNARD;;83200;TOULON;France;;;;153843860;;;;;;;;;;;;;;;;;9;0;telephone_mobile;conférence mobile;1;0.00;0.00;0.00;20.00;;;1;;;option_forfait;;;;;OBS;desktop;boutique;;;;Foisonnement
COM170913002974;13/09/2017 15:24;278.90;En attente;;facturation;55.78;334.68;mobile;5,42065E+13;EUROPCAR INTERNATIONAL SA;René;DEL DUCA;M;12 RUE LIEUTENANT COL BERNARD;;83200;TOULON;France;;;;153843860;;;;;;;;;;;;;;;;;10;0;telephone_mobile;Avantage Pro;1;0.00;0.00;0.00;20.00;;;1;;;option_forfait;;;;;OBS;desktop;boutique;;;;Foisonnement
COM170913002974;13/09/2017 15:24;278.90;En attente;;facturation;55.78;334.68;mobile;5,42065E+13;EUROPCAR INTERNATIONAL SA;René;DEL DUCA;M;12 RUE LIEUTENANT COL BERNARD;;83200;TOULON;France;;;;153843860;;;;;;;;;;;;;;;;;11;6691;telephone_mobile;mode international;1;0.00;0.00;0.00;20.00;;classique;1;DEFAULT_6691;;option_forfait;;;;;OBS;desktop;boutique;;;;Foisonnement
COM170913002974;13/09/2017 15:24;278.90;En attente;;facturation;55.78;334.68;mobile;5,42065E+13;EUROPCAR INTERNATIONAL SA;René;DEL DUCA;M;12 RUE LIEUTENANT COL BERNARD;;83200;TOULON;France;;;;153843860;;;;;;;;;;;;;;;;;12;7049;telephone_mobile;Performance pro initial voix;1;21.00;25.20;21.00;20.00;12-mois;innovant1;1;DEFAULT_7049;13,55,108;forfait;;;;;OBS;desktop;boutique;;;;Foisonnement
COM170913002974;13/09/2017 15:24;278.90;En attente;;facturation;55.78;334.68;mobile;5,42065E+13;EUROPCAR INTERNATIONAL SA;René;DEL DUCA;M;12 RUE LIEUTENANT COL BERNARD;;83200;TOULON;France;;;;153843860;;;;;;;;;;;;;;;;;13;3219;telephone_mobile;Tete de charge Apple 5W USB Power;1;19.00;22.80;19.00;20.00;;;2;8,8591E+11;7,29,76,100,101;equipement;;;;;OBS;desktop;boutique;;;;Foisonnement
COM170913002979;13/09/2017 15:39;360.80;En attente;;facturation;72.16;432.96;mobile;5,42098E+13;BNP PARIBAS PERSONAL FINANCE;Dhaker;EL ABED;M;12 RUE LIEUTENANT COL BERNARD;;83200;TOULON;France;;;;155221979;;;;;;;;;;;;;;;;;1;6851;telephone_mobile;facture détaillée longue semaine et week-end;1;0.00;0.00;0.00;20.00;;classique;1;DEFAULT_6851;145;option_forfait;;;;;OBS;desktop;boutique;;;;PCM
COM170913002979;13/09/2017 15:39;360.80;En attente;;facturation;72.16;432.96;mobile;5,42098E+13;BNP PARIBAS PERSONAL FINANCE;Dhaker;EL ABED;M;12 RUE LIEUTENANT COL BERNARD;;83200;TOULON;France;;;;155221979;;;;;;;;;;;;;;;;;2;7639;telephone_mobile;Apple iPhone 7 Or 32 Go;1;312.80;375.36;312.80;20.00;24-mois;;1;225358;13,54,96,125;mobile;;;;;OBS;desktop;boutique;;;;PCM
COM170913002979;13/09/2017 15:39;360.80;En attente;;facturation;72.16;432.96;mobile;5,42098E+13;BNP PARIBAS PERSONAL FINANCE;Dhaker;EL ABED;M;12 RUE LIEUTENANT COL BERNARD;;83200;TOULON;France;;;;155221979;;;;;;;;;;;;;;;;;3;3820;telephone_mobile;Support auto universel Samsung;1;29.00;34.80;29.00;20.00;;;2;8,80609E+12;7,29,81,83;equipement;;;;;OBS;desktop;boutique;;;;PCM
COM170913002979;13/09/2017 15:39;360.80;En attente;;facturation;72.16;432.96;mobile;5,42098E+13;BNP PARIBAS PERSONAL FINANCE;Dhaker;EL ABED;M;12 RUE LIEUTENANT COL BERNARD;;83200;TOULON;France;;;;155221979;;;;;;;;;;;;;;;;;4;3219;telephone_mobile;Tete de charge Apple 5W USB Power;1;19.00;22.80;19.00;20.00;;;3;8,8591E+11;7,29,76,100,101;equipement;;;;;OBS;desktop;boutique;;;;PCM
WCE280167;13/09/2017 15:43;473.89;En attente;;rib;94.78;568.67;mobile;1,22222E+13;TEST;test;test;Mme;82 rue d'Hauteville;;75010;PARIS 10;France;;test;601010101;;;;;;;;;;;;;;;;;;1;7663;telephone_mobile;Sony Xperia XZ bleu 32Go;1;429.90;515.88;429.90;20.00;;smartpro;1;225336;13,54,125;mobile;;;;;PROSPECT;MOBILE;boutique;;;;Foisonnement
WCE280167;13/09/2017 15:43;473.89;En attente;;rib;94.78;568.67;mobile;1,22222E+13;TEST;test;test;Mme;82 rue d'Hauteville;;75010;PARIS 10;France;;test;601010101;;;;;;;;;;;;;;;;;;2;3153;telephone_mobile;forfait smart pro 24/7;1;9.99;11.99;9.99;20.00;sans engagement;smartpro;1;DEFAULT_3153;13,55,111;forfait;;02E111111J7B;601010101;24/10/2017;PROSPECT;MOBILE;boutique;;;;Foisonnement
WCE280167;13/09/2017 15:43;473.89;En attente;;rib;94.78;568.67;mobile;1,22222E+13;TEST;test;test;Mme;82 rue d'Hauteville;;75010;PARIS 10;France;;test;601010101;;;;;;;;;;;;;;;;;;3;10933;telephone_mobile;Facture Électronique Certifiée;1;0.00;0.00;0.00;20.00;;classique;1;FEC;;option_perso;;;;;PROSPECT;MOBILE;boutique;;;;Foisonnement
WCE280167;13/09/2017 15:43;473.89;En attente;;rib;94.78;568.67;mobile;1,22222E+13;TEST;test;test;Mme;82 rue d'Hauteville;;75010;PARIS 10;France;;test;601010101;;;;;;;;;;;;;;;;;;4;3173;telephone_mobile;assistance 706;1;5.00;6.00;5.00;20.00;;classique;1;assistance706;;option_perso;;;;;PROSPECT;MOBILE;boutique;;;;Foisonnement
WCE280167;13/09/2017 15:43;473.89;En attente;;rib;94.78;568.67;mobile;1,22222E+13;TEST;test;test;Mme;82 rue d'Hauteville;;75010;PARIS 10;France;;test;601010101;;;;;;;;;;;;;;;;;;5;3820;equipements;Support auto universel Samsung;1;29.00;34.80;29.00;20.00;;;1;8,80609E+12;7,29,81,83;equipement;;;;;PROSPECT;MOBILE;boutique;;;;Foisonnement
COM170913002981;13/09/2017 15:44;259.90;En attente;;facturation;51.98;311.88;mobile;5,42098E+13;BNP PARIBAS PERSONAL FINANCE;Jean-Pierre;PONTILLE;M;12 RUE LIEUTENANT COL BERNARD;;83200;TOULON;France;;;;;;;;;;;;;;;;;;;;;1;8046;telephone_mobile;Huawei P10 lite blanc 32Go;1;259.90;311.88;259.90;20.00;;;1;226403;13,54,97,125;mobile;;;;;OBS;desktop;boutique;;;;Foisonnement
WCE254206;13/09/2017 15:48;486.90;En attente;;facturation;97.38;584.28;mobile;6,48025E+11;test;test;test;Mme;rue de paradis;;75010;PARIS 10;France;;dev;612121212;;;;;;;;;;;;;;;;;;1;7663;telephone_mobile;Sony Xperia XZ bleu 32Go;1;439.90;527.88;439.90;20.00;;;1;225336;13,54,125;mobile;;;;;OBS;MOBILE;boutique;;;;Foisonnement
WCE254206;13/09/2017 15:48;486.90;En attente;;facturation;97.38;584.28;mobile;6,48025E+11;test;test;test;Mme;rue de paradis;;75010;PARIS 10;France;;dev;612121212;;;;;;;;;;;;;;;;;;2;6399;telephone_mobile;option twin;1;10.00;12.00;10.00;20.00;;classique;1;DEFAULT_6399;;option_perso;;;;;OBS;MOBILE;boutique;;;;Foisonnement
WCE254206;13/09/2017 15:48;486.90;En attente;;facturation;97.38;584.28;mobile;6,48025E+11;test;test;test;Mme;rue de paradis;;75010;PARIS 10;France;;dev;612121212;;;;;;;;;;;;;;;;;;3;6941;telephone_mobile;carte jumelle;1;12.00;14.40;12.00;20.00;;classique;1;DEFAULT_6941;;option_perso;;;;;OBS;MOBILE;boutique;;;;Foisonnement
WCE254206;13/09/2017 15:48;486.90;En attente;;facturation;97.38;584.28;mobile;6,48025E+11;test;test;test;Mme;rue de paradis;;75010;PARIS 10;France;;dev;612121212;;;;;;;;;;;;;;;;;;4;4393;equipements;Oreillette Bluetooth® M70 Plantronics;1;25.00;30.00;25.00;20.00;;;1;5,03359E+12;7,29,74;equipement;;;;;OBS;MOBILE;boutique;;;;Foisonnement
WCE263426;13/09/2017 15:59;45.60;En attente;;rib;9.12;54.72;mobile;1,22222E+13;test test;TEST;TEST;Mme;10 rue adresse;;75010;PARIS 10;France;;DEV;600000000;;;;;;;;;;;;;;;;;;1;7049;default;Performance pro initial voix;1;19.00;22.80;19.00;20.00;24-mois;innovant1;1;DEFAULT_7049;13,55,108;forfait;;02E111111J7B;601010101;01/06/2018;PROSPECT;MOBILE;boutique;;;;Foisonnement
WCE263426;13/09/2017 15:59;45.60;En attente;;rib;9.12;54.72;mobile;1,22222E+13;test test;TEST;TEST;Mme;10 rue adresse;;75010;PARIS 10;France;;DEV;600000000;;;;;;;;;;;;;;;;;;2;6999;default;Samsung Galaxy J3 2016 noir 8Go;1;19.90;23.88;19.90;20.00;;innovant1;1;224025;13,54,97;mobile;;;;;PROSPECT;MOBILE;boutique;;;;Foisonnement
WCE263426;13/09/2017 15:59;45.60;En attente;;rib;9.12;54.72;mobile;1,22222E+13;test test;TEST;TEST;Mme;10 rue adresse;;75010;PARIS 10;France;;DEV;600000000;;;;;;;;;;;;;;;;;;3;3038;default;Facture Electronique;1;0.00;0.00;0.00;20.00;;classique;1;FEL;;option_perso;;;;;PROSPECT;MOBILE;boutique;;;;Foisonnement
WCE263426;13/09/2017 15:59;45.60;En attente;;rib;9.12;54.72;mobile;1,22222E+13;test test;TEST;TEST;Mme;10 rue adresse;;75010;PARIS 10;France;;DEV;600000000;;;;;;;;;;;;;;;;;;4;3191;equipements;Pack Multiadaptateur SIM;1;6.70;8.04;6.70;20.00;;;1;3,56129E+12;7,29,79;equipement;;;;;PROSPECT;MOBILE;boutique;;;;Foisonnement
P-279997;09/08/2017 16:26;;;;;;;;;;TEST;;;;;;;;;;;;;;;;;;;;;;;;;;101010101;;;0;;Ligne ascenseur réservée PRO;1;66.54;79.85;66.54;13.31;;;;;;;;;;;;;;;P-279997;LA2015;0
P-270692;22/08/2017 13:53;;;;;;;;;;Raison sociale;;;;;;;;;;;;;;;;;;;;;;;;;;100000000;;;0;;Ligne ascenseur réservée PRO;1;66.54;79.85;66.54;13.31;;;;;;;;;;;;;;;P-270692;LA2015;0
P-272305;30/08/2017 12:53;;;;;;;;;;Raison sociale;;;;;;;;;;;;;;;;;;;;;;;;;;101010101;;;0;;Ligne ascenseur réservée PRO;1;66.54;79.85;66.54;13.31;;;;;;;;;;;;;;;P-272305;LA2015;0
P-256110;05/09/2017 16:49;;;;;;;;;;Raison sociale;;;;;;;;;;;;;;;;;;;;;;;;;;101010101;;;0;;Ligne ascenseur réservée PRO;1;66.54;79.85;66.54;13.31;;;;;;;;;;;;;;;P-256110;LA2015;0
P-259481;13/09/2017 16:57;;;;;;;;;;Raison sociale;;;;;;;;;;;;;;;;;;;;;;;;;;101010101;;;0;;Ligne ascenseur réservée PRO;1;66.54;79.85;66.54;13.31;;;;;;;;;;;;;;;P-259481;LA2015;0
